# Blender 5.0.1
# www.blender.org
mtllib gun_low.mtl
o Standard_Gun.002
v 0.016524 -0.132290 -0.159971
v 0.016822 -0.153677 -0.090771
v 0.016524 -0.120085 -0.154100
v 0.013053 -0.130278 -0.164267
v 0.006982 -0.129012 -0.166837
v -0.000163 -0.128341 -0.168216
v -0.000163 -0.168898 -0.085190
v 0.013053 -0.118073 -0.158396
v 0.006982 -0.116807 -0.160967
v -0.000163 -0.116136 -0.162345
v 0.016822 -0.168898 -0.085190
v 0.016822 -0.163181 -0.082410
v -0.000163 -0.163181 -0.082410
v -0.000163 -0.153677 -0.090771
v -0.016849 -0.132290 -0.159971
v -0.017147 -0.153677 -0.090771
v -0.016849 -0.120085 -0.154100
v -0.013379 -0.130278 -0.164267
v -0.007307 -0.129012 -0.166837
v -0.013379 -0.118073 -0.158396
v -0.007307 -0.116807 -0.160967
v -0.017147 -0.168898 -0.085190
v -0.017147 -0.163181 -0.082410
vn 0.3205 0.4106 -0.8536
vn -0.0000 0.4335 -0.9012
vn 0.3202 0.4106 -0.8537
vn 0.6363 0.3344 -0.6952
vn 0.6368 0.3342 -0.6948
vn 0.8071 0.2560 -0.5321
vn 0.9999 -0.0078 -0.0088
vn 1.0000 0.0001 -0.0041
vn 1.0000 0.0012 -0.0034
vn 1.0000 0.0016 -0.0032
vn -0.0031 -0.9041 -0.4273
vn -0.0144 -0.9100 -0.4144
vn 0.0015 -0.9001 -0.4357
vn -0.0000 -0.8982 -0.4397
vn -0.0000 -0.8982 -0.4396
vn -0.0000 -0.8996 -0.4367
vn -0.0000 0.6605 0.7508
vn -0.0000 -0.4375 0.8992
vn -0.3205 0.4106 -0.8536
vn -0.3202 0.4106 -0.8537
vn -0.6363 0.3344 -0.6952
vn -0.6368 0.3342 -0.6948
vn -0.8071 0.2560 -0.5321
vn -0.9999 -0.0078 -0.0088
vn -1.0000 0.0012 -0.0034
vn -1.0000 0.0001 -0.0041
vn -1.0000 0.0016 -0.0032
vn 0.0031 -0.9041 -0.4273
vn -0.0015 -0.9001 -0.4357
vn 0.0144 -0.9100 -0.4144
vt 0.935085 0.543930
vt 0.924628 0.543920
vt 0.924628 0.524538
vt 0.935085 0.524549
vt 0.944694 0.543969
vt 0.944694 0.524587
vt 0.953105 0.543898
vt 0.953105 0.524516
vt 0.988287 0.107059
vt 0.981331 0.123786
vt 0.991615 0.004523
vt 0.972233 0.004657
vt 0.972234 0.123809
vt 0.417580 0.514544
vt 0.408890 0.510444
vt 0.403924 0.503655
vt 0.403498 0.384502
vt 0.427804 0.384502
vt 0.427804 0.516737
vt 0.499294 0.493116
vt 0.481178 0.493115
vt 0.481178 0.468809
vt 0.499295 0.468809
vt 0.508391 0.493115
vt 0.508391 0.468809
vt 0.914171 0.543930
vt 0.914171 0.524549
vt 0.904563 0.543969
vt 0.904563 0.524587
vt 0.896152 0.543898
vt 0.896152 0.524516
vt 0.473166 0.401261
vt 0.476494 0.503799
vt 0.466210 0.384534
vt 0.457113 0.503665
vt 0.457113 0.384512
vt 0.438029 0.514544
vt 0.451685 0.503655
vt 0.446718 0.510444
vt 0.452111 0.384502
vt 0.499294 0.444502
vt 0.481178 0.444502
vt 0.508391 0.444502
s 1
usemtl Material.001
f 5/1/1 6/2/2 10/3/2 9/4/3
f 4/5/4 5/1/1 9/4/3 8/6/5
f 1/7/6 4/5/4 8/6/5 3/8/6
s 2
f 2/9/7 12/10/8 3/11/9
f 1/12/10 3/11/9 12/10/8 11/13/10
s 3
f 5/14/11 4/15/12 1/16/13
f 1/16/13 11/17/14 7/18/15
f 7/18/15 6/19/16 1/16/13
f 6/19/16 5/14/11 1/16/13
s 4
f 12/20/17 2/21/17 14/22/17 13/23/17
s 5
f 11/24/18 12/20/18 13/23/18 7/25/18
s 1
f 19/26/19 21/27/20 10/3/2 6/2/2
f 18/28/21 20/29/22 21/27/20 19/26/19
f 15/30/23 17/31/23 20/29/22 18/28/21
s 6
f 16/32/24 17/33/25 23/34/26
s 7
f 15/35/27 22/36/27 23/34/26 17/33/27
s 3
f 19/37/28 15/38/29 18/39/30
f 15/38/29 7/18/15 22/40/14
f 7/18/15 15/38/29 6/19/16
f 6/19/16 15/38/29 19/37/28
s 4
f 23/41/17 13/23/17 14/22/17 16/42/17
s 5
f 22/43/18 7/25/18 13/23/18 23/41/18
o Standard_Gun.001
v 0.019472 0.084619 -0.029769
v -0.019679 0.052240 -0.090311
v -0.000163 0.096716 0.282447
v -0.017169 0.046574 -0.039060
v -0.022835 0.052240 -0.048350
v -0.022835 0.052241 0.282447
v -0.017169 0.046574 0.282447
v -0.000163 0.096715 -0.029769
v 0.019472 0.084619 0.282447
v 0.011174 0.093474 0.282447
v 0.011174 0.093474 -0.029769
v 0.019472 0.065149 -0.048350
v -0.022835 0.052240 -0.029769
v -0.006585 0.085167 0.280952
v -0.000163 0.077245 -0.048350
v 0.011174 0.074004 -0.048350
v 0.019472 0.065149 -0.090311
v -0.007289 0.086593 0.282447
v -0.011286 0.080466 0.280952
v -0.012558 0.081332 0.282447
v -0.000163 0.077245 -0.090311
v 0.011174 0.074004 -0.090311
v -0.000163 0.086888 0.241023
v -0.013006 0.074045 0.280952
v -0.014511 0.074062 0.282447
v -0.011286 0.067623 0.280952
v -0.012505 0.066570 0.282447
v -0.006585 0.062922 0.280952
v -0.000163 0.061201 0.241023
v 0.006259 0.062922 0.241023
v 0.010960 0.067623 0.241023
v 0.012681 0.074045 0.241023
v 0.010960 0.080466 0.241023
v 0.006259 0.085168 0.241023
v -0.000163 0.086888 0.280952
v -0.000163 0.088500 0.282447
v -0.007781 0.061839 0.282447
v -0.006585 0.085168 0.241023
v -0.011286 0.080466 0.241023
v -0.013006 0.074045 0.241023
v -0.011286 0.067623 0.241023
v -0.000163 0.059792 0.282447
v -0.000163 0.061201 0.280952
v 0.007455 0.061839 0.282447
v 0.006259 0.062922 0.280952
v 0.012180 0.066570 0.282447
v 0.010960 0.067623 0.280952
v 0.014186 0.074062 0.282447
v 0.012681 0.074045 0.280952
v 0.012233 0.081332 0.282447
v 0.010960 0.080466 0.280952
v 0.006964 0.086593 0.282447
v 0.006259 0.085167 0.280952
v -0.006585 0.062922 0.241023
v 0.016844 0.046574 -0.039060
v 0.022510 0.052240 -0.029769
v 0.016844 0.046574 0.282447
v 0.022510 0.052241 0.282447
v -0.011499 0.074004 -0.090311
v 0.022510 0.052240 -0.048350
v -0.019798 0.065149 -0.090311
v 0.019353 0.052240 -0.090311
v 0.016844 0.046574 -0.090311
v -0.011499 0.074004 -0.048350
v 0.022353 0.072501 -0.029769
v -0.019798 0.065149 -0.048350
v -0.011499 0.093474 -0.029769
v -0.011499 0.093474 0.282447
v -0.019798 0.084619 0.282447
v 0.022354 0.072501 0.282447
v -0.019798 0.084619 -0.029769
v -0.017169 0.046574 -0.090311
v -0.022679 0.072501 -0.029769
v -0.022679 0.072501 0.282447
vn -0.0000 1.0000 -0.0000
vn 0.5211 0.8535 -0.0000
vn 0.0017 0.0036 1.0000
vn -0.0000 -0.0000 1.0000
vn 0.8808 0.4734 -0.0031
vn 0.8769 0.4806 -0.0000
vn 0.0002 0.0010 1.0000
vn 0.0004 -0.0010 1.0000
vn 0.3469 0.6475 -0.6785
vn 0.7180 0.4761 -0.5078
vn 0.8702 0.3426 -0.3542
vn 0.4468 0.6176 -0.6472
vn -0.8794 0.4762 -0.0000
vn -0.8817 0.4718 0.0080
vn -0.9927 0.1199 0.0121
vn -0.9923 0.1237 0.0025
vn -0.0000 0.6904 -0.7234
vn -0.9999 0.0116 -0.0000
vn -0.9657 0.1740 -0.1927
vn -0.9877 0.1132 -0.1082
vn -0.7097 0.4827 -0.5132
vn -0.8751 0.3305 -0.3536
vn 0.9103 0.4134 -0.0197
vn 0.9075 0.4197 -0.0168
vn 0.8660 -0.5000 -0.0000
vn 0.5000 -0.8660 -0.0000
vn -0.0006 -0.0027 1.0000
vn 0.5000 0.8660 -0.0000
vn 0.8660 0.5000 -0.0000
vn -0.0000 -0.6797 0.7335
vn 0.3385 -0.5959 0.7282
vn 0.3481 -0.5907 0.7279
vn -0.3239 0.6237 0.7114
vn -0.0000 0.7283 0.6853
vn -0.3662 0.5894 0.7201
vn -0.6056 0.3275 0.7252
vn -0.5867 0.3538 0.7284
vn -0.7049 0.0009 0.7093
vn -0.7049 -0.0011 0.7093
vn -0.6079 -0.3430 0.7161
vn -0.6013 -0.3536 0.7166
vn -0.3481 -0.5907 0.7279
vn -0.3385 -0.5959 0.7282
vn -0.9048 0.4254 -0.0197
vn -0.9088 0.4168 -0.0194
vn -0.9932 0.1105 -0.0354
vn -0.9922 0.1187 -0.0374
vn -0.5000 -0.8660 -0.0000
vn -0.0000 -1.0000 -0.0000
vn -0.0025 -0.0031 1.0000
vn -0.7290 -0.6846 0.0001
vn -0.7057 -0.7085 -0.0033
vn -0.7848 -0.6189 -0.0314
vn -0.8094 -0.5864 -0.0322
vn -0.8106 -0.5848 -0.0305
vn -0.7071 -0.7071 -0.0000
vn -0.7074 -0.7068 -0.0010
vn -0.5000 0.8660 -0.0000
vn -0.8660 0.5000 -0.0000
vn -1.0000 -0.0000 -0.0000
vn -0.8660 -0.5000 -0.0000
vn -0.0024 -0.0013 1.0000
vn 0.7071 -0.7071 -0.0000
vn 0.7260 -0.6876 -0.0100
vn 0.7078 -0.7065 0.0037
vn 0.7064 -0.7078 0.0002
vn 0.7049 0.0009 0.7093
vn 0.7049 -0.0011 0.7093
vn 0.5867 0.3538 0.7284
vn 0.6056 0.3275 0.7252
vn 0.8106 -0.5848 -0.0305
vn 0.8121 -0.5827 -0.0307
vn 0.7850 -0.6193 -0.0164
vn -0.4468 0.6176 -0.6472
vn -0.3469 0.6475 -0.6785
vn 0.6079 -0.3430 0.7161
vn 0.6013 -0.3536 0.7166
vn 0.3662 0.5894 0.7201
vn 0.3239 0.6237 0.7114
vn -0.5211 0.8535 -0.0000
vn 0.9657 0.1740 -0.1927
vn 0.9862 0.1196 -0.1148
vn 1.0000 0.0077 -0.0038
vn 0.9931 0.1169 0.0025
vn 0.9927 0.1199 0.0121
vn 1.0000 0.0075 -0.0009
vn 0.9999 0.0116 -0.0000
vn -1.0000 0.0077 0.0038
vn -1.0000 0.0085 0.0004
vn 0.9927 0.1123 -0.0438
vn 0.9929 0.1121 -0.0400
vn 1.0000 -0.0000 -0.0000
vt 0.002495 0.239558
vt 0.002495 0.222685
vt 0.449284 0.222685
vt 0.449284 0.239558
vt 0.737149 0.295177
vt 0.734915 0.283488
vt 0.745637 0.280618
vt 0.002495 0.205318
vt 0.449285 0.205319
vt 0.766142 0.295400
vt 0.755336 0.262955
vt 0.766142 0.230510
vt 0.958718 0.736201
vt 0.953262 0.749673
vt 0.916646 0.760396
vt 0.920552 0.741750
vt 0.002495 0.273797
vt 0.449284 0.273797
vt 0.449284 0.291622
vt 0.002495 0.291622
vt 0.960892 0.722431
vt 0.921543 0.722431
vt 0.934115 0.655317
vt 0.945851 0.681017
vt 0.910546 0.666079
vt 0.953262 0.695188
vt 0.916646 0.684467
vt 0.858091 0.737718
vt 0.858706 0.722431
vt 0.856622 0.753701
vt 0.937831 0.245336
vt 0.995580 0.241296
vt 0.996314 0.250153
vt 0.938995 0.255243
vt 0.719808 0.234858
vt 0.724512 0.245217
vt 0.716984 0.252758
vt 0.707136 0.246733
vt 0.936431 0.215655
vt 0.994371 0.214648
vt 0.994635 0.223531
vt 0.936703 0.225538
vt 0.941218 0.264586
vt 0.938436 0.265874
vt 0.935960 0.255886
vt 0.936411 0.195945
vt 0.936276 0.205802
vt 0.933595 0.205805
vt 0.933500 0.195256
vt 0.936646 0.186039
vt 0.933520 0.186411
vt 0.936786 0.176006
vt 0.933992 0.175834
vt 0.937605 0.166165
vt 0.934660 0.165791
vt 0.938757 0.156216
vt 0.935708 0.155575
vt 0.940980 0.146831
vt 0.938184 0.145540
vt 0.707136 0.279178
vt 0.702498 0.262955
vt 0.714255 0.262955
vt 0.716984 0.273154
vt 0.856622 0.691161
vt 0.854581 0.674345
vt 0.997174 0.151937
vt 0.996323 0.161294
vt 0.752407 0.252054
vt 0.745637 0.245293
vt 0.737149 0.230734
vt 0.365625 0.902498
vt 0.378919 0.913966
vt 0.352330 0.913966
vt 0.292170 0.911365
vt 0.292283 0.902498
vt 0.825706 0.902498
vt 0.825706 0.913966
vt 0.994364 0.196906
vt 0.994268 0.205777
vt 0.994620 0.188022
vt 0.995040 0.179105
vt 0.995592 0.170190
vt 0.719808 0.291053
vt 0.724512 0.280694
vt 0.981192 0.894066
vt 0.981192 0.433989
vt 0.992659 0.447284
vt 0.992659 0.894066
vt 0.936973 0.235527
vt 0.934190 0.235722
vt 0.933586 0.225195
vt 0.981192 0.360648
vt 0.990060 0.360535
vt 0.992659 0.420695
vt 0.920552 0.703112
vt 0.958718 0.708661
vt 0.934899 0.245717
vt 0.774251 0.238619
vt 0.774251 0.287292
vt 0.933524 0.216353
vt 0.858091 0.707146
vt 0.752407 0.273857
vt 0.449284 0.256430
vt 0.002495 0.256430
vt 0.945851 0.763845
vt 0.910546 0.778784
vt 0.934115 0.789546
vt 0.002495 0.187493
vt 0.449284 0.187494
vt 0.002495 0.158499
vt 0.449284 0.158500
vt 0.449284 0.320616
vt 0.002495 0.320616
vt 0.997166 0.259469
vt 0.854581 0.770517
vt 0.995027 0.232420
vt 0.431061 0.573169
vt 0.431061 0.524495
vt 0.891147 0.524496
vt 0.891146 0.573169
vt 0.357719 0.573168
vt 0.357719 0.524495
vt 0.734915 0.242422
s 1
usemtl Material.001
f 26/44/31 33/45/32 34/46/32 31/47/31
s 2
f 93/48/33 71/49/34 69/50/34
s 1
f 33/45/32 32/51/35 24/52/36 34/46/32
s 2
f 81/53/37 65/54/34 29/55/38
s 3
f 34/56/39 24/57/40 35/58/41 39/59/42
s 1
f 92/60/43 94/61/44 96/62/45 97/63/46
s 3
f 31/64/47 34/56/39 39/59/42 38/65/47
f 36/66/48 96/67/49 28/68/50
f 94/69/51 89/70/52 28/68/50 96/67/49
s 4
f 38/65/31 39/59/32 45/71/32 44/72/31
f 39/59/32 35/58/53 40/73/54 45/71/32
s 5
f 42/74/55 62/75/55 61/76/56 37/77/56
s 2
f 92/78/57 43/79/34 41/80/34 91/81/34
s 5
f 51/82/58 77/83/58 64/84/59 49/85/59
s 6
f 58/86/60 59/87/60 41/88/61 37/77/62
f 68/89/63 66/90/64 65/91/64 67/92/65
f 70/93/66 68/89/63 67/92/65 69/94/67
f 72/95/68 70/93/66 69/94/67 71/96/69
f 74/97/70 72/95/68 71/96/69 73/98/71
f 76/99/72 74/97/70 73/98/71 75/100/73
f 58/101/60 76/99/72 75/100/73 59/102/60
s 2
f 33/103/34 26/104/34 59/105/34 75/106/34
s 4
f 89/70/74 84/107/75 25/108/76 28/68/77
s 5
f 76/99/78 58/101/79 46/109/79 57/110/78
s 2
f 29/55/38 60/111/34 50/112/34
f 29/55/38 50/112/34 97/113/80
f 29/55/38 65/54/34 60/111/34
s 7
f 27/114/81 36/115/82 28/116/83
f 27/114/81 28/116/83 25/117/84 95/118/85
f 30/119/86 29/120/87 36/115/82 27/114/81
s 5
f 66/90/31 68/89/88 53/121/88 52/122/31
f 68/89/88 70/93/89 54/123/89 53/121/88
f 70/93/89 72/95/90 55/124/90 54/123/89
f 72/95/90 74/97/91 56/125/91 55/124/90
f 74/97/91 76/99/78 57/110/78 56/125/91
s 2
f 32/126/92 33/103/34 75/106/34 73/127/34
s 8
f 80/128/93 78/129/94 79/130/95 81/131/96
s 6
f 47/132/97 48/133/98 50/134/99 49/85/100
s 8
f 78/129/94 86/135/101 85/136/102 83/137/103
s 3
f 31/64/47 38/65/47 87/138/104 90/139/105
s 8
f 78/129/94 83/137/103 79/130/95
s 6
f 42/74/106 43/140/107 48/133/98 47/132/97
s 2
f 29/55/38 30/141/34 80/142/34 81/53/37
s 6
f 49/85/100 50/134/99 60/143/108 51/82/109
f 51/82/109 60/143/108 65/91/64 66/90/64
s 4
f 87/138/110 82/144/110 84/107/75 89/70/74
s 2
f 81/53/37 67/145/34 65/54/34
f 81/53/37 69/50/34 67/145/34
s 5
f 66/90/31 52/122/31 77/83/58 51/82/58
s 6
f 37/77/62 41/88/61 43/140/107 42/74/106
s 4
f 38/65/31 44/72/31 82/144/110 87/138/110
s 3
f 90/139/105 87/138/104 89/70/52 94/69/51
s 1
f 26/44/31 31/47/31 90/146/110 91/147/110
f 91/147/110 90/146/110 94/61/44 92/60/43
s 3
f 24/57/40 88/148/111 83/149/112 35/58/41
f 79/150/113 83/149/112 88/148/111
s 1
f 32/51/35 93/151/114 88/152/115 24/52/36
f 93/151/114 81/153/116 79/154/117 88/152/115
f 97/63/46 96/62/45 36/155/118 29/156/119
s 2
f 91/81/34 41/80/34 59/105/34 26/104/34
s 5
f 37/77/56 61/76/56 46/157/79 58/86/79
s 2
f 81/53/37 93/48/33 69/50/34
s 4
f 35/58/53 83/149/120 85/158/121 40/73/54
s 5
f 49/85/59 64/84/59 63/159/122 47/132/122
f 47/132/122 63/159/122 62/75/55 42/74/55
s 9
f 27/160/79 78/161/79 80/162/79 30/163/79
f 95/164/79 86/165/79 78/161/79 27/160/79
s 2
f 43/79/34 92/78/57 97/113/80 48/166/34
f 73/127/34 71/49/34 93/48/33 32/126/92
f 97/113/80 50/112/34 48/166/34
o Standard_Gun.003
v -0.000163 0.013003 -0.127872
v -0.000163 0.008147 -0.112994
v -0.000163 -0.001761 -0.104336
v -0.000163 -0.014766 -0.103127
v -0.000163 -0.025775 -0.107634
v -0.000163 -0.062401 -0.143532
v -0.000163 -0.111959 -0.169320
v 0.027070 -0.123407 -0.155842
v 0.021536 -0.068845 -0.129940
v 0.021536 -0.058612 -0.122599
v 0.021536 -0.045931 -0.107249
v 0.021536 -0.031693 -0.095235
v 0.021536 -0.016565 -0.090341
v 0.021536 0.000120 -0.091676
v 0.021536 0.011911 -0.099907
v 0.021536 0.017483 -0.113471
v 0.016690 -0.114184 -0.167471
v 0.022945 -0.117231 -0.163924
v 0.012914 -0.063572 -0.141730
v 0.017780 -0.064720 -0.138100
v 0.012914 -0.050324 -0.132337
v 0.017780 -0.053016 -0.129800
v 0.012914 -0.039968 -0.117644
v 0.018186 -0.042430 -0.113715
v 0.012914 -0.026961 -0.106083
v 0.018441 -0.030008 -0.101420
v 0.012914 -0.014791 -0.101266
v 0.018495 -0.015841 -0.097133
v 0.012914 -0.001132 -0.102660
v 0.018350 -0.000032 -0.098839
v 0.012914 0.009322 -0.111720
v 0.018721 0.010775 -0.106858
v 0.012914 0.013794 -0.126590
v 0.019260 0.015888 -0.120317
v -0.000163 -0.049547 -0.134294
v -0.000163 -0.039193 -0.119109
v 0.024936 -0.047565 -0.054401
v 0.030446 -0.150884 -0.100525
v -0.000163 -0.123555 -0.155535
v -0.000163 -0.117694 -0.162933
v 0.024936 0.017483 -0.148151
v 0.024936 0.019718 -0.152054
v -0.000163 0.019718 -0.152054
v -0.000163 0.016985 -0.148199
v 0.024936 0.028480 -0.157197
v -0.000163 0.029763 -0.156462
v -0.000163 0.028480 -0.157197
v -0.000163 -0.097167 -0.159606
v 0.021536 -0.105227 -0.146858
v 0.017780 -0.100542 -0.154892
v 0.012914 -0.098494 -0.157860
v 0.024936 -0.144076 -0.097638
v 0.022661 -0.114006 -0.129826
v 0.023799 -0.127558 -0.129305
v -0.000163 -0.150657 -0.100897
v -0.000163 -0.151139 -0.083155
v -0.000163 -0.059700 -0.037515
v 0.017712 -0.148882 -0.087707
v 0.017712 -0.054906 -0.043269
v 0.024936 -0.065455 -0.061960
v 0.024936 -0.076370 -0.059662
v 0.024936 -0.079528 -0.061198
v 0.024936 -0.084443 -0.071027
v 0.024936 -0.107988 -0.078289
v 0.024936 -0.120348 -0.079100
v 0.024936 -0.123256 -0.081277
v 0.024936 -0.125911 -0.087058
v -0.000163 -0.129510 -0.065443
v -0.000163 -0.126572 -0.063473
v -0.000163 -0.132181 -0.071256
v -0.000163 -0.086958 -0.044709
v -0.000163 -0.083782 -0.042964
v -0.000163 -0.091674 -0.052689
v -0.000163 -0.113483 -0.063882
v -0.000163 -0.072705 -0.043547
v 0.017712 -0.127656 -0.070669
v 0.017712 -0.124719 -0.068598
v 0.017712 -0.130321 -0.076469
v 0.017712 -0.089344 -0.059183
v 0.017712 -0.112025 -0.068395
v 0.017712 -0.084505 -0.050250
v 0.017712 -0.081382 -0.048616
v 0.017712 -0.070327 -0.050071
v -0.000163 -0.096072 -0.161975
v 0.016435 -0.097543 -0.159912
v 0.030446 -0.144303 -0.097267
v 0.027062 -0.105054 -0.147191
v 0.022834 -0.100023 -0.156005
v 0.029367 -0.127574 -0.129411
v 0.028228 -0.113927 -0.129923
v -0.000163 -0.152063 -0.080730
v -0.000163 -0.159177 -0.083188
v 0.021986 -0.149579 -0.085969
v 0.021884 -0.156446 -0.088769
v 0.024936 0.028176 -0.080408
v 0.024021 0.016642 -0.072843
v 0.024823 -0.033786 -0.038196
v -0.000163 -0.049753 -0.024262
v 0.017572 -0.045183 -0.028671
v -0.027395 -0.123407 -0.155842
v -0.021861 -0.068845 -0.129940
v -0.021861 -0.058612 -0.122599
v -0.021861 -0.045931 -0.107249
v -0.021861 -0.031693 -0.095235
v -0.021861 -0.016565 -0.090341
v -0.021861 0.000120 -0.091676
v -0.021861 0.011911 -0.099907
v -0.021861 0.017483 -0.113471
v -0.017015 -0.114184 -0.167471
v -0.023271 -0.117231 -0.163924
v -0.013240 -0.063572 -0.141730
v -0.018105 -0.064720 -0.138100
v -0.013240 -0.050324 -0.132337
v -0.018105 -0.053016 -0.129800
v -0.013240 -0.039968 -0.117644
v -0.018511 -0.042430 -0.113715
v -0.013240 -0.026961 -0.106083
v -0.018767 -0.030008 -0.101420
v -0.013240 -0.014791 -0.101266
v -0.018820 -0.015841 -0.097133
v -0.013240 -0.001132 -0.102660
v -0.018676 -0.000032 -0.098839
v -0.013240 0.009322 -0.111720
v -0.019047 0.010775 -0.106858
v -0.013240 0.013794 -0.126590
v -0.019585 0.015888 -0.120317
v -0.025262 -0.047565 -0.054401
v -0.030771 -0.150884 -0.100525
v -0.025262 0.017483 -0.148151
v -0.025262 0.019718 -0.152054
v -0.025262 0.028480 -0.157197
v -0.021861 -0.105227 -0.146858
v -0.018105 -0.100542 -0.154892
v -0.013240 -0.098494 -0.157860
v -0.025262 -0.144076 -0.097638
v -0.022987 -0.114006 -0.129826
v -0.024124 -0.127558 -0.129305
v -0.018037 -0.148882 -0.087707
v -0.018037 -0.054906 -0.043269
v -0.025262 -0.065455 -0.061960
v -0.025262 -0.076370 -0.059662
v -0.025262 -0.079528 -0.061198
v -0.025262 -0.084443 -0.071027
v -0.025262 -0.107988 -0.078289
v -0.025262 -0.120348 -0.079100
v -0.025262 -0.123256 -0.081277
v -0.025262 -0.125911 -0.087058
v -0.018037 -0.127656 -0.070669
v -0.018037 -0.124719 -0.068598
v -0.018037 -0.130321 -0.076469
v -0.018037 -0.089344 -0.059183
v -0.018037 -0.112025 -0.068395
v -0.018037 -0.084505 -0.050250
v -0.018037 -0.081382 -0.048616
v -0.018037 -0.070327 -0.050071
v -0.016761 -0.097543 -0.159912
v -0.030771 -0.144303 -0.097267
v -0.027387 -0.105054 -0.147191
v -0.023160 -0.100023 -0.156005
v -0.029692 -0.127574 -0.129411
v -0.028554 -0.113927 -0.129923
v -0.022311 -0.149579 -0.085969
v -0.022209 -0.156446 -0.088769
v -0.025262 0.028176 -0.080408
v -0.024347 0.016642 -0.072843
v -0.025148 -0.033786 -0.038196
v -0.017897 -0.045183 -0.028671
vn 0.3092 0.3996 -0.8630
vn 0.3073 0.4458 -0.8408
vn 0.8293 0.2605 -0.4943
vn 0.8322 0.2342 -0.5026
vn 0.3015 0.6876 -0.6606
vn 0.8166 0.4146 -0.4015
vn 0.3224 0.7091 -0.6271
vn 0.8069 0.4414 -0.3926
vn 0.3517 0.5070 -0.7869
vn 0.8083 0.3077 -0.5019
vn 0.3356 0.1184 -0.9345
vn 0.8036 0.0630 -0.5918
vn 0.3170 -0.3701 -0.8733
vn 0.7926 -0.2199 -0.5688
vn 0.2772 -0.8122 -0.5133
vn 0.7202 -0.5733 -0.3908
vn 0.2376 -0.9258 -0.2942
vn 0.6338 -0.7327 -0.2478
vn 0.9747 0.0946 -0.2027
vn 0.9940 0.0493 -0.0978
vn 0.9939 0.0702 -0.0847
vn -0.0000 0.4195 -0.9078
vn -0.0000 0.4688 -0.8833
vn -0.0000 0.7196 -0.6944
vn -0.0000 0.7467 -0.6652
vn -0.0000 0.5464 -0.8376
vn -0.0000 0.1336 -0.9910
vn -0.0000 -0.3964 -0.9181
vn -0.0000 -0.8478 -0.5303
vn -0.0000 -0.9542 -0.2992
vn 0.9930 -0.0108 -0.1175
vn 0.9955 0.0296 -0.0901
vn 0.9740 -0.0747 -0.2139
vn 0.9670 -0.2017 -0.1554
vn 0.9931 0.0765 -0.0886
vn 0.9442 -0.3080 -0.1169
vn 0.9958 -0.0555 0.0726
vn 0.9980 0.0057 0.0623
vn -0.0107 -0.7784 -0.6276
vn -0.0014 -0.8847 -0.4662
vn -0.0000 -0.8847 -0.4663
vn -0.0000 -0.7785 -0.6277
vn -0.0192 -0.7550 -0.6554
vn -0.0000 -0.7552 -0.6555
vn 0.0820 -0.9828 -0.1652
vn -0.0000 -0.9672 -0.2542
vn -0.0000 -0.6258 -0.7800
vn 0.0028 -0.6258 -0.7800
vn -0.0000 -0.4528 -0.8916
vn -0.0000 0.4969 -0.8678
vn 0.9993 -0.0364 0.0057
vn 0.9993 -0.0359 0.0057
vn 0.0798 -0.9968 0.0078
vn 0.3658 -0.9305 0.0213
vn 0.1290 -0.9916 -0.0126
vn -0.0820 -0.9828 -0.1652
vn -0.0798 -0.9968 0.0078
vn 0.0971 -0.9864 -0.1324
vn -0.0000 0.5630 0.8264
vn -0.0000 0.5485 0.8362
vn 0.0201 0.8665 0.4988
vn 0.0020 0.8823 0.4706
vn -0.0112 0.9148 0.4037
vn -0.0000 0.9258 0.3781
vn -0.0000 0.8987 0.4385
vn 0.0325 0.8844 0.4656
vn -0.0005 -0.8970 -0.4421
vn -0.0000 -0.8970 -0.4420
vn 0.0047 0.8916 0.4527
vn 0.9215 0.0080 0.3882
vn 0.8466 -0.4296 0.3141
vn 0.9991 -0.0232 0.0346
vn 0.0084 0.8869 0.4618
vn -0.9931 0.0765 -0.0886
vn -0.9980 0.0057 0.0623
vn -0.9958 -0.0555 0.0726
vn -0.9955 0.0296 -0.0901
vn 0.9954 -0.0559 0.0777
vn 0.9986 0.0295 -0.0433
vn 0.9992 0.0001 0.0394
vn 0.8913 -0.0761 0.4470
vn -0.0000 -0.9856 -0.1692
vn 0.8177 -0.4704 0.3318
vn 0.5332 -0.1132 0.8384
vn 0.0001 -0.1203 0.9927
vn -0.0000 -0.8130 0.5823
vn 0.4940 -0.7079 0.5048
vn 0.5679 -0.0228 0.8228
vn -0.0000 -0.0471 0.9989
vn -0.0000 -0.7880 0.6157
vn 0.5480 -0.6640 0.5087
vn 0.6613 -0.4771 0.5788
vn 0.6213 -0.1587 0.7674
vn 0.5752 -0.4565 0.6788
vn -0.9991 -0.0232 0.0346
vn -0.9939 0.0702 -0.0847
vn -0.9940 0.0493 -0.0978
vn -0.9992 0.0001 0.0394
vn 0.5605 -0.2197 0.7985
vn 0.5327 -0.5312 0.6588
vn 0.9907 -0.0540 0.1251
vn 0.9986 0.0449 -0.0286
vn 0.5425 -0.4376 0.7171
vn -0.0000 -0.6299 0.7767
vn -0.0000 -0.2762 0.9611
vn -0.0000 -0.5249 0.8512
vn -0.0000 -0.5683 0.8229
vn -0.0000 -0.2088 0.9780
vn -0.0000 -0.6448 0.7644
vn 0.9906 0.0390 -0.1309
vn 0.9814 0.0937 -0.1677
vn 0.9966 0.0519 -0.0635
vn 0.9976 0.0032 -0.0686
vn -0.0000 0.4175 -0.9087
vn 0.2980 0.3998 -0.8668
vn 0.8156 0.2459 -0.5237
vn 0.5200 -0.3180 0.7928
vn 0.5201 -0.3180 0.7927
vn -0.0000 -0.3538 0.9353
vn 0.9940 -0.0912 0.0605
vn 0.0003 -0.9023 -0.4312
vn -0.0000 -0.9023 -0.4312
vn -0.0025 0.8891 0.4577
vn 0.0180 0.0394 0.9991
vn -0.0000 0.5797 0.8148
vn -0.0000 0.6492 0.7606
vn -0.0000 0.6494 0.7604
vn 0.9968 -0.0297 -0.0748
vn 0.9986 -0.0508 -0.0174
vn -0.0000 0.6943 0.7197
vn 0.6517 -0.6122 0.4478
vn 1.0000 -0.0000 -0.0000
vn -0.0000 -0.8159 0.5782
vn -0.3092 0.3996 -0.8630
vn -0.8322 0.2342 -0.5026
vn -0.8293 0.2605 -0.4943
vn -0.3073 0.4458 -0.8408
vn -0.8166 0.4146 -0.4015
vn -0.3015 0.6876 -0.6606
vn -0.8069 0.4414 -0.3926
vn -0.3224 0.7091 -0.6270
vn -0.8083 0.3077 -0.5019
vn -0.3517 0.5070 -0.7869
vn -0.8037 0.0630 -0.5918
vn -0.3356 0.1184 -0.9345
vn -0.7926 -0.2198 -0.5688
vn -0.3170 -0.3701 -0.8732
vn -0.7202 -0.5733 -0.3908
vn -0.2772 -0.8122 -0.5133
vn -0.6338 -0.7327 -0.2478
vn -0.2376 -0.9258 -0.2942
vn -0.9747 0.0946 -0.2026
vn -0.9930 -0.0108 -0.1175
vn -0.9740 -0.0747 -0.2139
vn -0.9670 -0.2017 -0.1554
vn -0.9442 -0.3080 -0.1169
vn 0.0107 -0.7784 -0.6276
vn 0.0014 -0.8847 -0.4662
vn 0.0192 -0.7550 -0.6554
vn -0.0028 -0.6258 -0.7800
vn -0.0000 0.9999 0.0124
vn -0.0172 0.9997 0.0152
vn -0.3658 -0.9305 0.0212
vn -0.0971 -0.9864 -0.1324
vn -0.0201 0.8665 0.4988
vn -0.0020 0.8823 0.4706
vn 0.0112 0.9148 0.4037
vn -0.0325 0.8844 0.4656
vn 0.0005 -0.8970 -0.4420
vn -0.0047 0.8916 0.4527
vn -0.0047 0.8916 0.4528
vn -0.9215 0.0080 0.3882
vn -0.8466 -0.4296 0.3141
vn -0.0084 0.8869 0.4618
vn -0.9986 0.0295 -0.0433
vn -0.9954 -0.0559 0.0777
vn -0.8913 -0.0762 0.4470
vn -0.8177 -0.4704 0.3318
vn -0.5332 -0.1132 0.8384
vn -0.4940 -0.7079 0.5048
vn -0.5679 -0.0228 0.8228
vn -0.5480 -0.6640 0.5087
vn -0.6213 -0.1587 0.7674
vn -0.6613 -0.4771 0.5788
vn -0.5752 -0.4565 0.6788
vn -0.5605 -0.2197 0.7985
vn -0.5327 -0.5312 0.6588
vn -0.9986 0.0449 -0.0286
vn -0.9907 -0.0540 0.1251
vn -0.5425 -0.4376 0.7171
vn -0.9906 0.0390 -0.1309
vn -0.9976 0.0032 -0.0686
vn -0.9966 0.0519 -0.0635
vn -0.9814 0.0937 -0.1677
vn -0.2980 0.3998 -0.8668
vn -0.8156 0.2459 -0.5237
vn -0.5200 -0.3180 0.7928
vn -0.5201 -0.3180 0.7927
vn -0.9940 -0.0912 0.0605
vn -0.0003 -0.9023 -0.4312
vn 0.0025 0.8891 0.4577
vn -0.0180 0.0394 0.9991
vn -0.1290 -0.9916 -0.0126
vn -0.9993 -0.0364 0.0057
vn -0.9993 -0.0359 0.0057
vn -0.9968 -0.0296 -0.0748
vn -0.9986 -0.0508 -0.0174
vn -0.6517 -0.6122 0.4478
vn -1.0000 -0.0000 -0.0000
vn 0.0512 0.9987 0.0039
vt 0.761590 0.683292
vt 0.713750 0.684754
vt 0.712622 0.677212
vt 0.762122 0.675584
vt 0.694228 0.684557
vt 0.694978 0.677076
vt 0.670540 0.681056
vt 0.670212 0.671067
vt 0.643495 0.678413
vt 0.645059 0.666035
vt 0.621230 0.676997
vt 0.622147 0.665620
vt 0.596961 0.676899
vt 0.596846 0.665754
vt 0.573493 0.679288
vt 0.575822 0.667540
vt 0.552067 0.684003
vt 0.556380 0.673595
vt 0.762765 0.662794
vt 0.711575 0.664621
vt 0.694962 0.664585
vt 0.761307 0.700527
vt 0.713741 0.700524
vt 0.694901 0.700523
vt 0.670011 0.700522
vt 0.641811 0.700522
vt 0.620909 0.700522
vt 0.597548 0.700523
vt 0.575002 0.700523
vt 0.552113 0.700523
vt 0.622369 0.654505
vt 0.643946 0.656034
vt 0.599535 0.654689
vt 0.580677 0.657824
vt 0.668903 0.660101
vt 0.561700 0.665521
vt 0.432882 0.669739
vt 0.408803 0.658606
vt 0.415292 0.596366
vt 0.442705 0.600029
vt 0.330822 0.834552
vt 0.316041 0.839622
vt 0.317687 0.800872
vt 0.331108 0.801605
vt 0.337953 0.826020
vt 0.343320 0.802272
vt 0.592795 0.767137
vt 0.592254 0.802882
vt 0.585527 0.802717
vt 0.586393 0.766982
vt 0.571931 0.766630
vt 0.571062 0.802362
vt 0.568955 0.802310
vt 0.643308 0.950842
vt 0.632336 0.934496
vt 0.739595 0.934497
vt 0.752657 0.950005
vt 0.347539 0.806953
vt 0.397061 0.810123
vt 0.387391 0.814269
vt 0.454774 0.880847
vt 0.347540 0.878452
vt 0.397063 0.875280
vt 0.378717 0.824023
vt 0.589125 0.579970
vt 0.589125 0.648849
vt 0.569482 0.650153
vt 0.569482 0.578668
vt 0.350647 0.928432
vt 0.334784 0.928432
vt 0.334784 0.920502
vt 0.350647 0.920502
vt 0.975437 0.450903
vt 0.975437 0.475632
vt 0.969227 0.475632
vt 0.969227 0.450903
vt 0.397233 0.928432
vt 0.363691 0.928432
vt 0.363691 0.920502
vt 0.397233 0.920502
vt 0.227957 0.839622
vt 0.230952 0.796134
vt 0.975437 0.431708
vt 0.969227 0.431708
vt 0.456834 0.592770
vt 0.461750 0.593692
vt 0.472194 0.605346
vt 0.975437 0.370503
vt 0.969227 0.370503
vt 0.871184 0.653738
vt 0.861357 0.584028
vt 0.888770 0.580363
vt 0.895263 0.642602
vt 0.535181 0.611777
vt 0.534898 0.675080
vt 0.507265 0.606474
vt 0.524547 0.602939
vt 0.377142 0.842702
vt 0.347646 0.842703
vt 0.529359 0.604836
vt 0.142822 0.703828
vt 0.142013 0.682365
vt 0.146234 0.682365
vt 0.147184 0.704067
vt 0.073253 0.706163
vt 0.072367 0.682364
vt 0.077091 0.682364
vt 0.077899 0.706125
vt 0.144718 0.720736
vt 0.149678 0.721097
vt 0.074417 0.725179
vt 0.079494 0.724913
vt 0.061287 0.734109
vt 0.033298 0.738202
vt 0.032159 0.714653
vt 0.058900 0.712272
vt 0.093364 0.732251
vt 0.090929 0.710700
vt 0.831868 0.589347
vt 0.847982 0.670036
vt 0.831164 0.676266
vt 0.796797 0.590477
vt 0.128510 0.726367
vt 0.127154 0.708296
vt 0.529236 0.701822
vt 0.472904 0.692266
vt 0.157090 0.724832
vt 0.154601 0.706786
vt 0.564115 0.619457
vt 0.553364 0.669197
vt 0.183603 0.706564
vt 0.185178 0.724119
vt 0.154311 0.682365
vt 0.124965 0.682365
vt 0.183119 0.682365
vt 0.090185 0.682364
vt 0.055942 0.682364
vt 0.032737 0.682363
vt 0.516610 0.756344
vt 0.517932 0.727480
vt 0.545541 0.729690
vt 0.553788 0.747376
vt 0.466354 0.747576
vt 0.467362 0.722672
vt 0.491218 0.724308
vt 0.490548 0.750329
vt 0.501436 0.752596
vt 0.502383 0.725637
vt 0.626632 0.763600
vt 0.626642 0.753038
vt 0.659232 0.753961
vt 0.659232 0.764680
vt 0.604491 0.762398
vt 0.605211 0.751965
vt 0.210130 0.826437
vt 0.203010 0.794608
vt 0.307452 0.928432
vt 0.307452 0.920502
vt 0.274467 0.928432
vt 0.274467 0.920502
vt 0.676254 0.578829
vt 0.676254 0.649991
vt 0.697407 0.639665
vt 0.697407 0.589155
vt 0.350620 0.681376
vt 0.347909 0.702082
vt 0.333919 0.645817
vt 0.390243 0.579332
vt 0.706449 0.614410
vt 0.005419 0.710216
vt 0.002753 0.733825
vt 0.386183 0.657569
vt 0.363768 0.665677
vt 0.745190 0.937614
vt 0.006013 0.682362
vt 0.761588 0.717762
vt 0.762120 0.725470
vt 0.712620 0.723836
vt 0.713748 0.716295
vt 0.694977 0.723971
vt 0.694227 0.716490
vt 0.670211 0.729979
vt 0.670540 0.719990
vt 0.645058 0.735010
vt 0.643493 0.722633
vt 0.622148 0.735425
vt 0.621228 0.724047
vt 0.596846 0.735290
vt 0.596962 0.724145
vt 0.575823 0.733504
vt 0.573494 0.721758
vt 0.556381 0.727451
vt 0.552067 0.717043
vt 0.762761 0.738259
vt 0.711572 0.736426
vt 0.694960 0.736462
vt 0.622369 0.746539
vt 0.643945 0.745010
vt 0.599535 0.746355
vt 0.580678 0.743221
vt 0.668902 0.740944
vt 0.561702 0.735525
vt 0.456085 0.686036
vt 0.334411 0.768823
vt 0.320271 0.762172
vt 0.340572 0.778080
vt 0.584639 0.838452
vt 0.591041 0.838611
vt 0.570177 0.838094
vt 0.460826 0.838651
vt 0.460432 0.767167
vt 0.387392 0.871135
vt 0.378718 0.861381
vt 0.443819 0.928432
vt 0.443819 0.920502
vt 0.459681 0.920502
vt 0.459681 0.928432
vt 0.975437 0.500362
vt 0.969227 0.500362
vt 0.430774 0.920502
vt 0.430774 0.928432
vt 0.232711 0.752579
vt 0.975437 0.519557
vt 0.969227 0.519557
vt 0.847228 0.576770
vt 0.842312 0.577693
vt 0.975437 0.580762
vt 0.969227 0.580762
vt 0.769168 0.659085
vt 0.768882 0.595781
vt 0.779515 0.586943
vt 0.774703 0.588840
vt 0.142822 0.660902
vt 0.147184 0.660662
vt 0.073253 0.658566
vt 0.077901 0.658603
vt 0.144718 0.643993
vt 0.149679 0.643633
vt 0.074419 0.639549
vt 0.079495 0.639815
vt 0.061290 0.630618
vt 0.058901 0.652455
vt 0.032159 0.650074
vt 0.033302 0.626525
vt 0.093365 0.632478
vt 0.090930 0.654029
vt 0.128511 0.638362
vt 0.127155 0.656433
vt 0.774832 0.685825
vt 0.157090 0.639899
vt 0.154601 0.657944
vt 0.750702 0.653202
vt 0.739948 0.603463
vt 0.185178 0.640611
vt 0.183603 0.658166
vt 0.801855 0.756344
vt 0.764677 0.747376
vt 0.772925 0.729690
vt 0.800534 0.727480
vt 0.852111 0.747576
vt 0.827917 0.750330
vt 0.827248 0.724308
vt 0.851102 0.722673
vt 0.816081 0.725637
vt 0.817028 0.752596
vt 0.691833 0.763600
vt 0.691823 0.753038
vt 0.713974 0.762398
vt 0.713255 0.751966
vt 0.213554 0.763744
vt 0.487013 0.920502
vt 0.487013 0.928432
vt 0.519998 0.920502
vt 0.519998 0.928432
vt 0.454772 0.804553
vt 0.728007 0.396848
vt 0.618657 0.396011
vt 0.631720 0.380502
vt 0.738978 0.380502
vt 0.953446 0.665370
vt 0.970146 0.629809
vt 0.956158 0.686075
vt 0.913818 0.563328
vt 0.005421 0.654508
vt 0.002757 0.630900
vt 0.917882 0.641565
vt 0.940297 0.649671
vt 0.626125 0.383620
vt 0.569781 0.766515
s 1
usemtl Material.001
f 148/167/123 116/168/124 117/169/125 147/170/126
f 116/168/124 118/171/127 119/172/128 117/169/125
f 118/171/127 120/173/129 121/174/130 119/172/128
f 120/173/129 122/175/131 123/176/132 121/174/130
f 122/175/131 124/177/133 125/178/134 123/176/132
f 124/177/133 126/179/135 127/180/136 125/178/134
f 126/179/135 128/181/137 129/182/138 127/180/136
f 128/181/137 130/183/139 131/184/140 129/182/138
f 146/185/141 147/170/126 117/169/125 106/186/142
f 107/187/143 106/186/142 117/169/125 119/172/128
f 145/188/144 103/189/145 116/168/124 148/167/123
f 103/189/145 132/190/146 118/171/127 116/168/124
f 118/171/127 132/190/146 133/191/147 120/173/129
f 120/173/129 133/191/147 102/192/148 122/175/131
f 102/192/148 101/193/149 124/177/133 122/175/131
f 101/193/149 100/194/150 126/179/135 124/177/133
f 100/194/150 99/195/151 128/181/137 126/179/135
f 99/195/151 98/196/152 130/183/139 128/181/137
f 110/197/153 109/198/154 123/176/132 125/178/134
f 111/199/155 110/197/153 125/178/134 127/180/136
f 112/200/156 111/199/155 127/180/136 129/182/138
f 109/198/154 108/201/157 121/174/130 123/176/132
f 108/201/157 107/187/143 119/172/128 121/174/130
f 131/184/140 113/202/158 112/200/156 129/182/138
f 108/203/157 109/204/154 134/205/159 157/206/160
s 2
f 115/207/161 105/208/162 136/209/163 137/210/164
f 114/211/165 115/207/161 137/210/164 104/212/166
s 3
f 138/213/167 141/214/168 140/215/169 139/216/170
f 142/217/171 144/218/171 143/219/172
s 4
f 192/220/173 193/221/173 138/222/174 142/223/174
s 3
f 138/224/167 113/225/175 131/226/176
f 262/227/177 226/228/178 205/229/179
f 138/224/167 131/226/176 130/230/180
f 140/215/169 144/218/171 142/217/171 139/216/170
s 5
f 262/231/181 193/232/181 192/233/182 261/234/182
s 6
f 147/235/183 146/236/184 184/237/184 185/238/183
s 7
f 155/239/185 153/240/186 188/241/186 190/242/185
s 6
f 145/243/187 148/244/188 182/245/188 181/246/187
s 2
f 135/247/189 152/248/190 136/209/163 105/208/162
s 7
f 149/249/191 155/239/185 190/242/185 183/250/191
s 1
f 158/251/192 159/252/193 160/253/194
f 108/203/157 157/206/160 160/253/194
s 7
f 151/254/195 149/249/191 183/250/191 186/255/195
s 1
f 200/256/196 237/257/197 224/258/198 201/259/199
f 157/206/160 158/251/192 160/253/194
f 164/260/200 150/261/201 161/262/202
f 161/262/202 162/263/203 164/260/200
s 3
f 130/230/180 98/264/204 141/265/168 138/224/167
s 1
f 162/263/203 163/266/205 164/260/200
f 174/267/206 166/268/207 165/269/208 173/270/209
f 179/271/210 169/272/211 168/273/212 178/274/213
f 162/275/203 174/267/206 173/270/209 163/276/205
f 158/277/192 179/271/210 178/274/213 159/278/193
f 157/279/160 134/280/159 156/281/214 180/282/215
f 157/279/160 180/282/215 179/271/210 158/277/192
f 160/283/194 159/278/193 178/274/213 176/284/216
f 240/285/217 199/286/218 198/287/219 241/288/220
f 161/289/202 160/283/194 176/284/216 177/290/221
f 161/289/202 177/290/221 174/267/206 162/275/203
f 150/261/201 146/291/141 106/292/142
f 164/293/200 163/276/205 173/270/209 175/294/222
f 150/261/201 164/260/200 149/295/223 151/296/224
f 164/293/200 175/294/222 155/297/225 149/298/223
f 175/294/222 173/270/209 165/269/208 167/299/226
f 177/290/221 171/300/227 166/268/207 174/267/206
f 175/294/222 167/299/226 153/301/228 155/297/225
f 176/284/216 178/274/213 168/273/212 170/302/229
f 180/282/215 172/303/230 169/272/211 179/271/210
f 177/290/221 176/284/216 170/302/229 171/300/227
f 180/282/215 156/281/214 154/304/231 172/303/230
s 8
f 105/305/232 184/306/233 187/307/234 186/308/235
f 104/309/236 181/310/236 182/311/237 114/312/237
f 105/305/232 115/313/238 185/314/238 184/306/233
f 114/312/237 182/311/237 185/314/238 115/313/238
f 191/315/239 190/316/240 188/317/241 189/318/241
f 135/319/242 105/305/232 186/308/235 183/320/242
f 135/319/242 183/320/242 190/316/240 191/315/239
s 2
f 135/247/189 191/321/243 189/322/244 152/248/190
s 6
f 148/244/188 147/235/183 185/238/183 182/245/188
f 146/236/184 150/323/245 187/324/245 184/237/184
s 9
f 150/323/246 151/325/246 186/326/246 187/324/246
s 5
f 263/327/247 194/328/247 193/232/181 262/231/181
f 196/329/248 194/328/247 263/327/247 264/330/249
s 1
f 112/331/156 113/332/158 193/333/250
f 109/204/154 194/334/251 134/205/159
s 5
f 195/335/252 196/329/248 264/330/249
s 1
f 196/336/253 156/281/214 134/280/159 194/337/251
f 110/338/153 111/339/155 193/333/250
f 112/331/156 193/333/250 111/339/155
f 109/204/154 110/338/153 193/333/250 194/334/251
s 4
f 142/223/174 138/222/174 139/340/254
s 1
f 195/341/255 154/304/231 156/281/214 196/336/253
f 231/342/256 230/343/257 209/344/258 208/345/259
f 208/345/259 209/344/258 211/346/260 210/347/261
f 210/347/261 211/346/260 213/348/262 212/349/263
f 212/349/263 213/348/262 215/350/264 214/351/265
f 214/351/265 215/350/264 217/352/266 216/353/267
f 216/353/267 217/352/266 219/354/268 218/355/269
f 218/355/269 219/354/268 221/356/270 220/357/271
f 220/357/271 221/356/270 223/358/272 222/359/273
f 229/360/274 198/361/219 209/344/258 230/343/257
f 199/362/218 211/346/260 209/344/258 198/361/219
f 145/188/144 231/342/256 208/345/259 103/189/145
f 103/189/145 208/345/259 210/347/261 132/190/146
f 210/347/261 212/349/263 133/191/147 132/190/146
f 212/349/263 214/351/265 102/192/148 133/191/147
f 102/192/148 214/351/265 216/353/267 101/193/149
f 101/193/149 216/353/267 218/355/269 100/194/150
f 100/194/150 218/355/269 220/357/271 99/195/151
f 99/195/151 220/357/271 222/359/273 98/196/152
f 202/363/275 217/352/266 215/350/264 201/364/199
f 203/365/276 219/354/268 217/352/266 202/363/275
f 204/366/277 221/356/270 219/354/268 203/365/276
f 201/364/199 215/350/264 213/348/262 200/367/196
f 200/367/196 213/348/262 211/346/260 199/362/218
f 223/358/272 221/356/270 204/366/277 205/368/278
f 106/292/142 107/369/143 160/253/194 161/262/202
s 2
f 207/370/279 137/210/164 136/209/163 197/371/280
f 206/372/281 104/212/166 137/210/164 207/370/279
s 3
f 227/373/282 140/215/169 141/214/168 226/374/178
f 228/375/171 143/219/172 144/218/171
s 10
f 143/219/283 228/375/284 261/376/284 192/377/283
s 3
f 226/228/178 223/378/285 205/229/179
s 1
f 106/292/142 161/262/202 150/261/201
s 3
f 226/228/178 222/379/286 223/378/285
f 140/215/169 227/373/282 228/375/171 144/218/171
s 6
f 230/380/287 256/381/287 255/382/288 229/383/288
s 7
f 235/384/289 259/385/289 188/241/186 153/240/186
s 6
f 145/243/187 181/246/187 253/386/290 231/387/290
s 2
f 225/388/291 197/371/280 136/209/163 152/248/190
s 7
f 232/389/292 254/390/293 259/385/289 235/384/289
s 1
f 238/391/294 240/285/217 239/392/295
f 200/256/196 240/285/217 237/257/197
s 7
f 234/393/296 257/394/296 254/390/293 232/389/292
s 1
f 198/287/219 233/395/297 241/288/220
f 237/257/197 240/285/217 238/391/294
f 244/396/298 241/288/220 233/395/297
f 241/288/220 244/396/298 242/397/299
s 3
f 222/379/286 226/228/178 141/265/168 98/264/204
s 1
f 242/397/299 244/396/298 243/398/300
f 246/399/301 245/400/302 165/269/208 166/268/207
f 251/401/303 250/402/304 168/273/212 169/272/211
f 242/403/299 243/404/300 245/400/302 246/399/301
f 238/405/294 239/406/295 250/402/304 251/401/303
f 237/407/197 252/408/305 236/409/306 224/410/198
f 237/407/197 238/405/294 251/401/303 252/408/305
f 240/411/217 248/412/307 250/402/304 239/406/295
f 108/203/157 160/253/194 107/369/143
f 241/413/220 249/414/308 248/412/307 240/411/217
f 241/413/220 242/403/299 246/399/301 249/414/308
f 233/395/297 198/287/219 229/415/274
f 244/416/298 247/417/309 245/400/302 243/404/300
f 233/395/297 234/418/310 232/419/311 244/396/298
f 244/416/298 232/420/311 235/421/312 247/417/309
f 247/417/309 167/299/226 165/269/208 245/400/302
f 249/414/308 246/399/301 166/268/207 171/300/227
f 247/417/309 235/421/312 153/301/228 167/299/226
f 248/412/307 170/302/229 168/273/212 250/402/304
f 252/408/305 251/401/303 169/272/211 172/303/230
f 249/414/308 171/300/227 170/302/229 248/412/307
f 252/408/305 172/303/230 154/304/231 236/409/306
s 8
f 197/422/313 257/423/314 258/424/315 255/425/316
f 104/426/236 206/427/317 253/428/317 181/429/236
f 197/422/313 255/425/316 256/430/318 207/431/318
f 206/427/317 207/431/318 256/430/318 253/428/317
f 260/432/319 189/318/241 188/317/241 259/433/320
f 225/434/321 254/435/321 257/423/314 197/422/313
f 225/434/321 260/432/319 259/433/320 254/435/321
s 2
f 225/388/291 152/248/190 189/322/244 260/436/322
s 6
f 231/387/290 253/386/290 256/381/287 230/380/287
f 229/383/288 255/382/288 258/437/323 233/438/323
s 11
f 233/438/324 258/437/324 257/439/324 234/440/324
s 3
f 193/441/325 113/225/175 138/224/167
s 12
f 261/442/326 228/443/327 226/444/327 262/445/326
s 1
f 204/446/277 262/447/328 205/448/278
f 201/259/199 224/258/198 263/449/329
f 264/450/330 263/451/329 224/410/198 236/409/306
f 202/452/275 262/447/328 203/453/276
f 204/446/277 203/453/276 262/447/328
f 201/259/199 263/449/329 262/447/328 202/452/275
s 12
f 228/443/327 227/454/331 226/444/327
s 1
f 195/341/255 264/450/330 236/409/306 154/304/231
f 240/285/217 200/256/196 199/286/218
s 10
f 142/455/332 143/219/283 192/377/283
o Standard_Gun.004
v 0.023060 0.052599 -0.088646
v 0.023060 0.067258 -0.087596
v 0.023060 0.077343 -0.083918
v 0.023060 0.081607 -0.079840
v 0.023060 0.091062 -0.086143
v 0.023060 0.052599 -0.149084
v 0.023060 0.061857 -0.159154
v 0.012964 0.036374 -0.090651
v 0.012964 0.036374 -0.160862
v 0.012964 0.055837 -0.174203
v -0.022081 0.052599 -0.088646
v -0.022081 0.067258 -0.087596
v -0.022081 0.077343 -0.083918
v -0.022081 0.081607 -0.079840
v -0.022081 0.091062 -0.086143
v -0.022081 0.052599 -0.149084
v -0.022081 0.061857 -0.159154
v -0.011984 0.036374 -0.090651
v -0.011984 0.036374 -0.160862
v -0.011984 0.055837 -0.174203
vn -0.0000 -0.2091 0.9779
vn -0.0000 0.0277 0.9996
vn -0.0000 0.9218 -0.3876
vn -0.0000 0.9640 -0.2660
vn 0.9111 -0.3657 -0.1899
vn 0.8530 -0.4952 -0.1647
vn 0.8171 -0.5765 -0.0043
vn 0.9024 -0.4308 -0.0030
vn -0.9111 -0.3657 -0.1899
vn -0.8530 -0.4952 -0.1647
vn -0.8555 -0.3565 -0.3756
vn -0.8828 -0.2838 -0.3742
vn -1.0000 -0.0000 -0.0000
vn 1.0000 -0.0000 -0.0000
vn -0.0000 -0.5654 -0.8248
vn -0.0000 -1.0000 -0.0000
vn -0.0000 0.9285 -0.3714
vn -0.0000 0.5547 0.8321
vn -0.0000 -0.5282 0.8492
vn -0.0000 -0.6912 0.7226
vn -0.8171 -0.5765 -0.0042
vn -0.9024 -0.4308 -0.0030
vn -0.0000 -0.5855 0.8107
vn 0.8828 -0.2838 -0.3742
vn 0.8555 -0.3565 -0.3756
vt 0.854516 0.967101
vt 0.854516 0.902501
vt 0.875549 0.902500
vt 0.875549 0.967101
vt 0.952996 0.861105
vt 0.952996 0.796504
vt 0.976192 0.810953
vt 0.976192 0.846656
vt 0.702339 0.854278
vt 0.675790 0.872344
vt 0.596494 0.839597
vt 0.609816 0.815179
vt 0.038072 0.751090
vt 0.020006 0.777638
vt 0.002504 0.768715
vt 0.005411 0.741266
vt 0.002503 0.881196
vt 0.033716 0.866378
vt 0.587052 0.858634
vt 0.572233 0.889847
vt 0.568870 0.873729
vt 0.576657 0.870202
vt 0.102978 0.970201
vt 0.102978 0.934498
vt 0.136747 0.934498
vt 0.136747 0.970201
vt 0.002500 0.970201
vt 0.002500 0.934498
vt 0.840463 0.861105
vt 0.840463 0.796504
vt 0.067098 0.102766
vt 0.002498 0.102766
vt 0.002498 0.086504
vt 0.067098 0.086504
vt 0.839155 0.902500
vt 0.839155 0.967101
vt 0.830712 0.967101
vt 0.830711 0.902500
vt 0.052754 0.856935
vt 0.077172 0.843613
vt 0.898945 0.916949
vt 0.898945 0.952652
vt 0.022148 0.876771
vt 0.018621 0.884559
vt 0.684714 0.889847
vt 0.712162 0.886939
s 1
usemtl Material.001
f 266/456/333 276/457/333 275/458/334 265/459/334
s 2
f 281/460/335 271/461/335 274/462/336 284/463/336
s 3
f 273/464/337 270/465/338 265/466/339 272/467/340
s 4
f 283/468/341 280/469/342 281/470/343 284/471/344
s 5
f 279/472/345 281/470/345 280/469/345 276/473/345
s 6
f 266/474/346 265/466/346 270/465/346
f 269/475/346 268/476/346 267/477/346
f 267/477/346 266/474/346 269/475/346
s 7
f 273/478/347 283/479/347 284/480/347 274/481/347
s 8
f 283/479/348 273/478/348 272/482/348 282/483/348
s 2
f 279/484/349 269/485/349 271/461/335 281/460/335
s 9
f 278/486/350 268/487/350 269/488/350 279/489/350
s 1
f 277/490/351 267/491/351 268/492/352 278/493/352
s 4
f 275/494/353 280/469/342 283/468/341 282/495/354
s 1
f 275/458/334 282/496/355 272/497/355 265/459/334
s 5
f 276/473/345 280/469/345 275/494/345
f 279/472/345 277/498/345 278/499/345
f 277/498/345 279/472/345 276/473/345
s 6
f 270/465/346 271/500/346 269/475/346 266/474/346
s 1
f 267/491/351 277/490/351 276/457/333 266/456/333
s 3
f 274/501/356 271/500/357 270/465/338 273/464/337
o Standard_Gun.005
v 0.012855 0.053833 0.258305
v 0.012855 0.053833 0.092148
v 0.012855 0.018594 0.062515
v 0.012855 0.018594 0.010725
v 0.012855 0.024974 0.002182
v 0.012855 -0.019040 0.055887
v 0.012855 -0.025066 0.053724
v 0.012855 0.000425 0.043064
v 0.012855 0.000425 -0.007609
v 0.012855 -0.013170 -0.018423
v 0.012855 -0.032172 -0.018423
v 0.012855 -0.045150 -0.006373
v 0.012855 -0.045150 0.037966
v -0.013181 0.024974 0.002182
v 0.012855 0.040718 0.258305
v 0.012855 0.040718 0.090347
v 0.012855 0.008870 0.068626
v 0.012855 0.005864 0.072236
v 0.012855 0.036277 0.092834
v 0.012855 0.036462 0.258305
v 0.006507 0.040718 0.258305
v 0.006507 0.040718 0.090347
v 0.006507 0.008870 0.068626
v 0.006507 0.005864 0.072236
v 0.006507 0.036277 0.092834
v 0.006507 0.036462 0.258305
v 0.012855 0.036568 0.010161
v 0.012855 0.030715 0.005845
v 0.012855 0.030715 -0.117731
v 0.012855 0.036568 -0.122237
v 0.006507 0.036568 0.010161
v 0.006507 0.030715 0.005845
v 0.006507 0.036568 -0.122237
v 0.006507 0.030715 -0.117731
v 0.006397 -0.002172 -0.004749
v 0.006397 -0.002172 0.040141
v 0.006397 -0.031049 -0.014329
v 0.006397 -0.014215 -0.014329
v 0.006397 -0.042544 -0.003654
v 0.006397 -0.042544 0.035624
v 0.006397 -0.024753 0.049584
v 0.006397 -0.019416 0.051500
v 0.010423 0.019333 0.258305
v 0.012855 0.021594 0.258305
v 0.010423 0.019333 0.103894
v 0.012855 0.021587 0.102423
v 0.010423 -0.009499 0.084673
v 0.012855 -0.007493 0.083049
v 0.012855 0.041496 0.013794
v 0.010423 0.043126 0.014996
v 0.010423 -0.021512 0.064384
v 0.012855 -0.019711 0.062424
v 0.010423 -0.027652 0.060646
v 0.012855 -0.026719 0.058150
v 0.010423 -0.048742 0.042493
v 0.012855 -0.047175 0.040519
v 0.010423 -0.048742 -0.010670
v 0.012855 -0.047176 -0.008796
v 0.012855 -0.043865 -0.029544
v 0.010423 -0.045266 -0.027278
v 0.010423 -0.048974 -0.032531
v 0.012855 -0.045550 -0.031930
v 0.010423 -0.042139 -0.022502
v 0.012855 -0.039511 -0.022895
v 0.012855 -0.041358 -0.014036
v 0.010423 -0.043519 -0.015348
v 0.012855 -0.039465 -0.018689
v 0.010423 -0.042106 -0.018785
v 0.010423 0.024974 -0.083254
v 0.012855 0.025938 -0.080965
v 0.012855 0.025879 -0.132326
v 0.010423 0.024974 -0.135578
v 0.010423 0.043126 -0.135578
v 0.012855 0.041528 -0.132327
v 0.012855 -0.012089 -0.054881
v 0.010423 -0.012000 -0.057892
v 0.012855 -0.035518 -0.038811
v 0.010423 -0.036894 -0.040817
v 0.006397 -0.002172 0.011116
v 0.006397 0.003081 -0.006757
v 0.006397 -0.008962 -0.016337
v 0.006397 0.003081 0.009108
v -0.013181 0.053833 0.258305
v -0.013181 0.053833 0.092148
v -0.013181 0.018594 0.062515
v -0.013181 0.018594 0.010725
v -0.013181 -0.019040 0.055887
v -0.013181 -0.025066 0.053724
v -0.013181 0.000425 0.043064
v -0.013181 0.000425 -0.007609
v -0.013181 -0.013170 -0.018423
v -0.013181 -0.032172 -0.018423
v -0.013181 -0.045150 -0.006373
v -0.013181 -0.045150 0.037966
v -0.013181 0.040718 0.258305
v -0.013181 0.040718 0.090347
v -0.013181 0.008870 0.068626
v -0.013181 0.005864 0.072236
v -0.013181 0.036277 0.092834
v -0.013181 0.036462 0.258305
v -0.006832 0.040718 0.258305
v -0.006832 0.040718 0.090347
v -0.006832 0.008870 0.068626
v -0.006832 0.005864 0.072236
v -0.006832 0.036277 0.092834
v -0.006832 0.036462 0.258305
v -0.013181 0.036568 0.010161
v -0.013181 0.030715 0.005845
v -0.013181 0.030715 -0.117731
v -0.013181 0.036568 -0.122237
v -0.006832 0.036568 0.010161
v -0.006832 0.030715 0.005845
v -0.006832 0.036568 -0.122237
v -0.006832 0.030715 -0.117731
v -0.006723 -0.002172 -0.004749
v -0.006723 -0.002172 0.040141
v -0.006723 -0.031049 -0.014329
v -0.006723 -0.014215 -0.014329
v -0.006723 -0.042544 -0.003654
v -0.006723 -0.042544 0.035624
v -0.006723 -0.024753 0.049584
v -0.006723 -0.019416 0.051500
v -0.010749 0.019333 0.258305
v -0.013181 0.021594 0.258305
v -0.010749 0.019333 0.103894
v -0.013181 0.021587 0.102423
v -0.010749 -0.009499 0.084673
v -0.013181 -0.007493 0.083049
v -0.013181 0.041496 0.013794
v -0.010749 0.043126 0.014996
v -0.010749 -0.021512 0.064384
v -0.013181 -0.019711 0.062424
v -0.010749 -0.027652 0.060646
v -0.013181 -0.026719 0.058150
v -0.010749 -0.048742 0.042493
v -0.013181 -0.047175 0.040519
v -0.010749 -0.048742 -0.010670
v -0.013181 -0.047176 -0.008796
v -0.013181 -0.043865 -0.029544
v -0.010749 -0.045266 -0.027278
v -0.010749 -0.048974 -0.032531
v -0.013181 -0.045550 -0.031930
v -0.010749 -0.042139 -0.022502
v -0.013181 -0.039511 -0.022895
v -0.013181 -0.041358 -0.014036
v -0.010749 -0.043519 -0.015348
v -0.013181 -0.039465 -0.018689
v -0.010749 -0.042106 -0.018785
v -0.010749 0.024974 -0.083254
v -0.013181 0.025938 -0.080965
v -0.013181 0.025879 -0.132326
v -0.010749 0.024974 -0.135578
v -0.010749 0.043126 -0.135578
v -0.013181 0.041528 -0.132327
v -0.013181 -0.012089 -0.054881
v -0.010749 -0.012000 -0.057892
v -0.013181 -0.035518 -0.038811
v -0.010749 -0.036894 -0.040817
v -0.006723 -0.002172 0.011116
v -0.006723 0.003081 -0.006757
v -0.006723 -0.008962 -0.016337
v -0.006723 0.003081 0.009108
vn 1.0000 -0.0000 -0.0000
vn -0.0000 0.6436 -0.7654
vn -0.0000 0.8012 0.5984
vn -1.0000 -0.0000 -0.0000
vn -0.0000 1.0000 -0.0000
vn -0.0000 -0.5567 0.8307
vn -0.0000 -0.5379 0.8430
vn -0.0000 0.5608 -0.8280
vn -0.0000 1.0000 -0.0011
vn -0.0000 0.7685 0.6399
vn -0.0000 -0.5634 0.8262
vn -0.0000 -1.0000 -0.0000
vn -0.0000 0.6101 0.7923
vn -0.0000 -0.0000 1.0000
vn 0.5631 -0.0945 -0.8209
vn 0.5082 0.4004 -0.7625
vn 0.2663 0.4763 -0.8380
vn 0.5630 -0.1039 -0.8199
vn 0.5464 -0.2694 0.7930
vn 0.5126 -0.5345 0.6720
vn 0.5457 -0.2857 0.7878
vn 0.4653 0.7836 -0.4116
vn 0.2994 0.8761 -0.3780
vn 0.4799 0.7886 0.3843
vn 0.4428 0.8265 0.3476
vn 0.5477 0.2969 0.7823
vn 0.5465 0.3191 0.7743
vn 0.3731 -0.9278 -0.0000
vn 0.2806 -0.9582 -0.0561
vn 0.2904 -0.9562 -0.0362
vn 0.6803 -0.7330 -0.0000
vn 0.7124 -0.3892 0.5840
vn 0.7270 -0.5016 0.4689
vn 0.7266 -0.4941 0.4774
vn 0.7381 -0.4832 0.4709
vn 0.7383 -0.4777 0.4762
vn 0.7272 -0.3984 0.5590
vn 0.7254 -0.4111 0.5521
vn 0.7181 -0.4542 0.5273
vn 0.5416 -0.8407 -0.0000
vn 0.7071 -0.4000 -0.5831
vn 0.7066 -0.5865 0.3959
vn 0.7098 -0.5755 0.4063
vn 0.7077 -0.5829 0.3993
vn 0.7350 -0.6519 0.1866
vn 0.7327 -0.6700 -0.1194
vn 0.7312 -0.6678 -0.1389
vn 0.7329 -0.6460 0.2133
vn 0.7201 -0.5698 -0.3958
vn 0.7199 -0.5643 -0.4041
vn 0.7069 -0.4726 -0.5262
vn 0.8007 -0.0000 -0.5990
vn 0.5529 0.8332 0.0001
vn 0.3582 -0.9337 0.0005
vn -0.0000 -0.7257 0.6880
vn -0.0000 -0.5547 0.8320
vn -0.0000 -0.7114 0.7028
vn -0.0000 -0.5934 0.8049
vn -0.0000 -0.5881 0.8088
vn -0.0000 -0.6524 0.7579
vn -0.0000 -0.8166 -0.5772
vn -0.0000 -0.6671 -0.7450
vn -0.0000 -0.8170 0.5767
vn -0.0000 -0.8269 0.5623
vn -0.0000 -0.9570 0.2902
vn -0.0000 -0.5656 -0.8246
vn -0.0000 -0.9819 -0.1894
vn -0.0000 -0.0000 -1.0000
vn -0.4799 0.7886 0.3843
vn -0.4322 0.8576 0.2788
vn -0.5465 0.3191 0.7743
vn -0.5477 0.2969 0.7823
vn -0.0930 -0.3728 -0.9232
vn -0.0000 -0.3571 -0.9341
vn 0.0185 -0.4424 -0.8966
vn -0.0910 0.9039 0.4179
vn -0.1653 0.8847 -0.4358
vn 0.1653 0.8848 -0.4358
vn 0.0643 0.9398 0.3357
vn -0.5140 -0.4719 -0.7163
vn -0.5630 -0.1039 -0.8199
vn -0.5631 -0.0945 -0.8209
vn -0.0862 -0.8670 -0.4909
vn -0.0185 -0.9955 -0.0930
vn 0.0930 -0.9955 -0.0185
vn 0.0613 -0.9073 -0.4160
vn -0.2492 0.4770 -0.8428
vn 0.2492 0.4770 -0.8428
vn -0.0000 -0.1186 -0.9929
vn -0.0000 0.1816 0.9834
vn -0.0000 0.3655 0.9308
vn 0.5140 -0.4719 -0.7163
vn -0.2663 0.4763 -0.8380
vn -0.5082 0.4004 -0.7625
vn -0.5464 -0.2694 0.7930
vn -0.5457 -0.2857 0.7878
vn -0.5126 -0.5345 0.6720
vn -0.2994 0.8761 -0.3780
vn -0.4653 0.7836 -0.4116
vn -0.3731 -0.9278 -0.0000
vn -0.2902 -0.9563 0.0363
vn -0.3073 -0.9475 0.0889
vn -0.6803 -0.7330 -0.0000
vn -0.7124 -0.3892 0.5840
vn -0.7266 -0.4941 0.4774
vn -0.7270 -0.5016 0.4689
vn -0.7382 -0.4777 0.4762
vn -0.7381 -0.4832 0.4709
vn -0.7254 -0.4111 0.5521
vn -0.7272 -0.3984 0.5590
vn -0.7181 -0.4542 0.5273
vn -0.5416 -0.8407 -0.0000
vn -0.7071 -0.4000 -0.5831
vn -0.7066 -0.5865 0.3959
vn -0.7077 -0.5829 0.3993
vn -0.7098 -0.5755 0.4063
vn -0.7350 -0.6519 0.1866
vn -0.7329 -0.6460 0.2133
vn -0.7312 -0.6678 -0.1389
vn -0.7327 -0.6700 -0.1194
vn -0.7199 -0.5643 -0.4041
vn -0.7201 -0.5698 -0.3958
vn -0.7069 -0.4726 -0.5262
vn -0.8007 -0.0000 -0.5990
vn -0.5529 0.8332 0.0001
vn -0.3581 -0.9337 0.0005
vn -0.0000 -0.1528 0.9883
vn -0.0000 -0.9007 0.4344
vt 0.540668 0.300630
vt 0.512864 0.326750
vt 0.504012 0.312854
vt 0.002497 0.363741
vt 0.002497 0.326497
vt 0.068357 0.326497
vt 0.068357 0.363741
vt 0.470667 0.377567
vt 0.232299 0.379043
vt 0.232183 0.360230
vt 0.473134 0.358737
vt 0.142440 0.363741
vt 0.142440 0.326498
vt 0.157692 0.326498
vt 0.157692 0.363741
vt 0.211433 0.100459
vt 0.185365 0.074490
vt 0.257728 0.074632
vt 0.285531 0.100752
vt 0.597784 0.807746
vt 0.597784 0.770503
vt 0.835462 0.770503
vt 0.835462 0.807746
vt 0.167434 0.335579
vt 0.167433 0.354659
vt 0.597641 0.359586
vt 0.545099 0.359586
vt 0.545099 0.350504
vt 0.597641 0.350504
vt 0.378435 0.959580
vt 0.141749 0.959579
vt 0.141749 0.950497
vt 0.378435 0.950498
vt 0.813566 0.009219
vt 0.813566 0.002500
vt 0.822647 0.002500
vt 0.822647 0.009219
vt 0.788330 0.232500
vt 0.788330 0.287644
vt 0.779248 0.287644
vt 0.779248 0.232500
vt 0.386999 0.934497
vt 0.627255 0.934497
vt 0.627255 0.943579
vt 0.386999 0.943579
vt 0.096316 0.830683
vt 0.098774 0.837537
vt 0.062521 0.875569
vt 0.058140 0.870474
vt 0.333261 0.870413
vt 0.332254 0.876418
vt 0.889067 0.972500
vt 0.889067 0.981582
vt 0.712299 0.981581
vt 0.712299 0.972500
vt 0.009373 0.378872
vt 0.002926 0.370499
vt 0.192309 0.370499
vt 0.186137 0.378872
vt 0.167434 0.326498
vt 0.336141 0.975581
vt 0.336141 0.966500
vt 0.525527 0.966500
vt 0.525527 0.975581
vt 0.717592 0.896787
vt 0.717592 0.866502
vt 0.938466 0.866503
vt 0.938466 0.896787
vt 0.080561 0.064497
vt 0.089642 0.064497
vt 0.089642 0.075064
vt 0.080561 0.075064
vt 0.555408 0.267000
vt 0.574488 0.267001
vt 0.574488 0.273088
vt 0.555408 0.273088
vt 0.545892 0.855560
vt 0.537985 0.855560
vt 0.537985 0.844503
vt 0.545892 0.844503
vt 0.415469 0.855560
vt 0.383439 0.855560
vt 0.383439 0.844503
vt 0.415469 0.844503
vt 0.508345 0.855560
vt 0.508345 0.844503
vt 0.454780 0.855560
vt 0.454780 0.844503
vt 0.442651 0.855560
vt 0.442651 0.844503
vt 0.510890 0.342454
vt 0.515072 0.332497
vt 0.556589 0.332497
vt 0.224344 0.325113
vt 0.452487 0.326368
vt 0.454634 0.331279
vt 0.224317 0.330019
vt 0.451306 0.327148
vt 0.479875 0.285320
vt 0.483148 0.289230
vt 0.509104 0.268063
vt 0.512838 0.271689
vt 0.514618 0.259573
vt 0.519218 0.261776
vt 0.540456 0.229519
vt 0.544332 0.232664
vt 0.541544 0.228508
vt 0.617497 0.229115
vt 0.614425 0.232801
vt 0.685710 0.281999
vt 0.721324 0.333696
vt 0.717490 0.336687
vt 0.680275 0.282660
vt 0.641015 0.234193
vt 0.649224 0.230125
vt 0.647922 0.235713
vt 0.644636 0.237655
vt 0.635012 0.243398
vt 0.628897 0.243384
vt 0.629343 0.238351
vt 0.634233 0.238353
vt 0.622148 0.240667
vt 0.624739 0.236341
vt 0.661475 0.246540
vt 0.657494 0.249337
vt 0.794874 0.334135
vt 0.795817 0.360472
vt 0.790537 0.357686
vt 0.789793 0.336643
vt 0.591088 0.374573
vt 0.589792 0.378736
vt 0.224196 0.351987
vt 0.468601 0.352916
vt 0.914300 0.034788
vt 0.914301 0.004503
vt 0.963867 0.004503
vt 0.963867 0.034788
vt 0.498758 0.308563
vt 0.880572 0.034788
vt 0.880572 0.004503
vt 0.177836 0.354659
vt 0.177836 0.335579
vt 0.189490 0.329976
vt 0.189490 0.360261
vt 0.595468 0.367413
vt 0.776291 0.351745
vt 0.186593 0.326498
vt 0.177835 0.326498
vt 0.287238 0.874496
vt 0.287238 0.904780
vt 0.071848 0.904780
vt 0.071848 0.874496
vt 0.870290 0.034788
vt 0.870290 0.004503
vt 0.830485 0.034788
vt 0.830485 0.004503
vt 0.525474 0.264191
vt 0.522283 0.272783
vt 0.547958 0.235565
vt 0.179561 0.056784
vt 0.179561 0.026499
vt 0.255608 0.026499
vt 0.255608 0.056784
vt 0.611118 0.235573
vt 0.299575 0.002497
vt 0.299575 0.032781
vt 0.289545 0.032781
vt 0.289545 0.002497
vt 0.327572 0.002497
vt 0.327572 0.032781
vt 0.318374 0.032781
vt 0.318374 0.002497
vt 0.310208 0.032781
vt 0.310208 0.002497
vt 0.799047 0.844783
vt 0.799047 0.814498
vt 0.820002 0.814498
vt 0.820002 0.844783
vt 0.304892 0.032781
vt 0.304892 0.002497
vt 0.628466 0.253922
vt 0.691731 0.844783
vt 0.691731 0.814498
vt 0.755867 0.814498
vt 0.755867 0.844783
vt 0.613031 0.300488
vt 0.628425 0.281071
vt 0.594008 0.343595
vt 0.599172 0.335463
vt 0.769593 0.343594
vt 0.586963 0.326456
vt 0.209500 0.140785
vt 0.209500 0.110500
vt 0.284347 0.110500
vt 0.284347 0.140785
vt 0.588571 0.278783
vt 0.588571 0.248498
vt 0.614536 0.248498
vt 0.614536 0.278783
vt 0.583376 0.342454
vt 0.579284 0.332497
vt 0.966506 0.102581
vt 0.956368 0.122121
vt 0.948336 0.122563
vt 0.958474 0.103024
vt 0.965627 0.142839
vt 0.957595 0.143283
vt 0.435668 0.897006
vt 0.435668 0.886497
vt 0.450611 0.886497
vt 0.450611 0.897006
vt 0.549805 0.242498
vt 0.580090 0.242498
vt 0.583570 0.291848
vt 0.546326 0.291848
vt 0.583570 0.245732
vt 0.583570 0.267000
vt 0.583570 0.273088
vt 0.294383 0.086856
vt 0.327728 0.151569
vt 0.325260 0.132739
vt 0.566211 0.134232
vt 0.566095 0.153046
vt 0.116957 0.010546
vt 0.116957 0.002502
vt 0.135724 0.002502
vt 0.135724 0.010546
vt 0.170201 0.929266
vt 0.114016 0.929265
vt 0.114016 0.910499
vt 0.170201 0.910499
vt 0.292240 0.886496
vt 0.323418 0.886496
vt 0.323418 0.897006
vt 0.292240 0.897006
vt 0.044018 0.929266
vt 0.002500 0.929266
vt 0.002500 0.910499
vt 0.044018 0.910499
vt 0.081668 0.929265
vt 0.081668 0.910499
vt 0.073555 0.929265
vt 0.073555 0.910499
vt 0.216720 0.929266
vt 0.192641 0.929266
vt 0.192641 0.910499
vt 0.216720 0.910499
vt 0.206445 0.379044
vt 0.197364 0.379044
vt 0.197364 0.326502
vt 0.206445 0.326502
vt 0.620135 0.950501
vt 0.620135 0.959582
vt 0.383432 0.959582
vt 0.383432 0.950501
vt 0.341654 0.009223
vt 0.332572 0.009223
vt 0.332572 0.002504
vt 0.341654 0.002504
vt 0.835054 0.311582
vt 0.835054 0.302500
vt 0.890197 0.302500
vt 0.890197 0.311582
vt 0.381997 0.934504
vt 0.381997 0.943586
vt 0.141753 0.943586
vt 0.141753 0.934504
vt 0.725136 0.314614
vt 0.686960 0.274821
vt 0.691341 0.269726
vt 0.727594 0.307759
vt 0.961073 0.268880
vt 0.962080 0.274885
vt 0.530529 0.966500
vt 0.707296 0.966500
vt 0.707296 0.975582
vt 0.530529 0.975581
vt 0.708004 0.928877
vt 0.531233 0.928876
vt 0.525061 0.920504
vt 0.714451 0.920505
vt 0.167434 0.363741
vt 0.331143 0.975577
vt 0.141751 0.975577
vt 0.141751 0.966495
vt 0.331143 0.966496
vt 0.830488 0.065069
vt 0.830488 0.054502
vt 0.839570 0.054502
vt 0.839570 0.065069
vt 0.571198 0.855560
vt 0.571198 0.844503
vt 0.333159 0.886496
vt 0.333159 0.897006
vt 0.484099 0.897006
vt 0.484099 0.886497
vt 0.523561 0.886497
vt 0.523561 0.897006
vt 0.369675 0.886496
vt 0.369675 0.897006
vt 0.521791 0.232213
vt 0.531748 0.186514
vt 0.531748 0.228031
vt 0.574050 0.099116
vt 0.574077 0.104022
vt 0.343761 0.105282
vt 0.345907 0.100370
vt 0.347090 0.101151
vt 0.315246 0.063231
vt 0.318521 0.059324
vt 0.285558 0.045693
vt 0.289291 0.042066
vt 0.279177 0.035779
vt 0.283777 0.033577
vt 0.254064 0.006667
vt 0.257940 0.003523
vt 0.256852 0.002511
vt 0.183971 0.006804
vt 0.180899 0.003118
vt 0.112685 0.056002
vt 0.118121 0.056664
vt 0.080905 0.110689
vt 0.077072 0.107698
vt 0.157381 0.008196
vt 0.153760 0.011659
vt 0.150473 0.009716
vt 0.149172 0.004128
vt 0.163384 0.017401
vt 0.164162 0.012357
vt 0.169053 0.012354
vt 0.169498 0.017386
vt 0.173657 0.010345
vt 0.176248 0.014670
vt 0.136920 0.020543
vt 0.140901 0.023340
vt 0.003522 0.108137
vt 0.008603 0.110645
vt 0.007859 0.131688
vt 0.002579 0.134474
vt 0.207307 0.148576
vt 0.208604 0.152739
vt 0.574198 0.125990
vt 0.329794 0.126920
vt 0.299637 0.082566
vt 0.202928 0.141416
vt 0.022105 0.125747
vt 0.186593 0.363741
vt 0.177835 0.363741
vt 0.276112 0.046786
vt 0.272922 0.038195
vt 0.250438 0.009568
vt 0.187277 0.009576
vt 0.169930 0.027926
vt 0.169970 0.055074
vt 0.204387 0.117597
vt 0.028804 0.117596
vt 0.199224 0.109466
vt 0.521791 0.159727
vt 0.531748 0.163819
vt 0.922259 0.201286
vt 0.914227 0.200845
vt 0.904085 0.181307
vt 0.912117 0.181748
vt 0.224765 0.929266
vt 0.224765 0.910499
vt 0.913339 0.160586
vt 0.921371 0.161026
vt 0.269472 0.929266
vt 0.246778 0.929266
vt 0.246778 0.910499
vt 0.269472 0.910499
vt 0.546327 0.267000
vt 0.546327 0.245732
vt 0.546327 0.273088
s 1
usemtl Material.001
f 292/502/358 287/503/358 301/504/358
s 2
f 368/505/359 286/506/359 287/507/359 369/508/359
s 1
f 286/509/358 285/510/358 299/511/358 300/512/358
s 3
f 370/513/360 288/514/360 289/515/360 298/516/360
s 4
f 370/517/361 374/518/361 373/519/361 369/520/361
s 5
f 367/521/362 285/522/362 286/523/362 368/524/362
s 6
f 316/525/363 396/526/363 298/516/364
s 1
f 286/509/358 300/512/358 301/504/358 287/503/358
s 7
f 303/527/365 302/528/365 308/529/365 309/530/365
s 8
f 304/531/366 303/532/366 309/533/366 310/534/366
s 9
f 302/535/367 301/536/367 307/537/367 308/538/367
s 10
f 301/539/368 300/540/368 306/541/368 307/542/368
s 11
f 300/543/369 299/544/369 305/545/369 306/546/369
s 12
f 306/547/358 309/548/358 308/549/358 307/550/358
f 309/548/358 306/547/358 305/551/358 310/552/358
s 13
f 313/553/362 318/554/362 316/555/362 312/556/362
s 14
f 318/557/358 317/558/358 315/559/358 316/560/358
s 6
f 289/515/364 312/561/364 316/525/363 298/516/364
s 15
f 311/562/369 315/563/369 317/564/369 314/565/369
s 16
f 409/566/369 329/567/369 327/568/369 407/569/369
s 17
f 314/570/370 317/571/370 318/572/370 313/573/370
s 18
f 390/574/371 310/575/371 305/576/371 385/577/371
s 19
f 290/578/372 291/579/373 325/580/374 326/581/375
f 294/582/376 293/583/377 319/584/377 322/585/378
f 291/579/373 297/586/379 324/587/380 325/580/374
f 297/586/379 296/588/381 323/589/382 324/587/380
f 295/590/383 294/582/376 322/585/378 321/591/384
s 20
f 292/592/385 320/593/386 363/594/387
s 21
f 327/595/388 329/596/388 330/597/388 328/598/388
s 22
f 329/599/389 331/600/390 332/601/391 330/597/389
f 331/600/390 335/602/392 336/603/393 332/601/391
f 335/602/392 337/604/394 338/605/395 336/603/393
f 337/604/394 339/606/396 340/607/396 338/605/395
s 23
f 339/608/397 341/609/397 342/610/397 340/607/397
s 24
f 360/611/398 353/612/398 354/613/398 359/614/398
s 25
f 344/615/399 345/616/400 346/617/400 343/618/401
f 348/619/402 351/620/403 352/621/404 347/622/405
f 351/620/403 349/623/406 350/624/407 352/621/404
f 347/622/405 344/615/399 343/618/401 348/619/402
f 349/623/406 342/610/408 341/609/408 350/624/407
s 24
f 362/625/398 360/611/398 359/614/398 361/626/398
f 345/616/398 362/625/398 361/626/398 346/617/398
s 26
f 356/627/409 357/628/409 358/629/409 355/630/409
s 27
f 333/631/410 358/629/410 357/628/410 334/632/410
s 28
f 353/612/411 356/627/411 355/630/411 354/613/411
s 1
f 304/633/358 328/598/358 330/597/358 303/634/358
s 29
f 411/635/412 331/636/412 329/637/413 409/638/413
s 1
f 303/634/358 330/597/358 332/601/358 302/639/358
s 29
f 415/640/414 335/641/414 331/636/412 411/635/412
s 6
f 395/642/415 315/643/415 334/644/415 414/645/415
s 1
f 311/646/358 314/647/358 358/629/358 333/631/358
s 6
f 333/648/415 334/644/415 315/643/415 311/649/415
s 30
f 414/650/362 334/651/362 357/652/362 437/653/362
s 29
f 417/654/416 337/655/416 335/641/414 415/640/414
f 419/656/417 339/657/417 337/655/416 417/654/416
s 1
f 338/605/358 291/658/358 290/659/358 336/603/358
f 340/607/358 297/660/358 291/658/358 338/605/358
s 31
f 421/661/369 341/662/369 339/663/369 419/664/369
s 1
f 340/607/358 342/610/358 296/665/358 297/660/358
s 32
f 430/666/418 350/667/418 341/668/419 421/669/419
s 1
f 342/610/358 349/623/358 296/665/358
s 32
f 425/670/420 345/671/420 344/672/421 424/673/421
f 424/673/421 344/672/421 347/674/422 427/675/422
s 1
f 343/618/358 346/617/358 361/626/358
s 33
f 442/676/423 362/677/423 345/678/423 425/679/423
s 1
f 348/619/358 343/618/358 361/626/358
s 32
f 427/675/422 347/674/422 352/680/424 432/681/424
f 432/681/424 352/680/424 350/667/418 430/666/418
s 1
f 361/626/358 295/682/358 348/619/358
f 295/682/358 351/620/358 348/619/358
s 33
f 433/683/423 353/684/423 360/685/423 440/686/423
s 1
f 349/623/358 351/620/358 295/682/358 296/665/358
f 359/614/358 354/613/358 293/687/358 294/688/358
f 312/689/358 289/690/358 354/613/358 313/691/358
f 289/690/358 288/692/358 293/687/358 354/613/358
f 355/630/358 313/691/358 354/613/358
s 34
f 436/693/369 356/694/369 353/695/369 433/696/369
s 35
f 437/697/425 357/698/425 356/699/425 436/700/425
s 33
f 440/686/423 360/685/423 362/677/423 442/676/423
s 1
f 358/629/358 314/647/358 313/691/358 355/630/358
s 36
f 369/508/362 287/507/362 288/514/362 370/513/362
s 1
f 294/688/358 295/682/358 361/626/358 359/614/358
s 20
f 293/701/385 292/592/385 363/594/387 319/702/385
s 37
f 322/703/361 319/704/361 364/705/361 365/706/361
f 319/704/361 363/707/361 366/708/361 364/705/361
s 38
f 377/709/426 403/710/427 401/711/428 376/712/429
s 18
f 407/713/371 327/714/371 310/575/371 390/574/371
f 285/715/371 367/716/371 385/577/371 305/576/371
f 310/575/371 327/714/371 328/717/371 304/718/371
s 6
f 315/643/415 395/642/415 396/526/363 316/525/363
s 18
f 299/719/371 285/715/371 305/576/371
s 4
f 373/519/361 381/720/361 369/520/361
f 368/721/361 380/722/361 379/723/361 367/724/361
s 39
f 443/725/430 446/726/431 366/727/431 363/728/432
s 40
f 403/729/433 404/730/434 324/731/435 323/732/436
s 38
f 400/733/437 406/734/438 371/735/439 373/736/437
s 1
f 288/692/358 287/503/358 292/502/358 293/687/358
s 40
f 400/737/440 443/738/441 363/739/442 320/740/443
f 404/730/434 405/741/444 325/742/445 324/731/435
f 405/741/444 406/743/446 326/744/446 325/742/445
f 402/745/447 401/746/448 321/747/448 322/748/447
s 4
f 368/721/361 369/520/361 381/720/361 380/722/361
s 41
f 383/749/365 389/750/365 388/751/365 382/752/365
s 42
f 384/753/366 390/754/366 389/755/366 383/756/366
s 43
f 382/757/367 388/758/367 387/759/367 381/760/367
s 44
f 381/761/368 387/762/368 386/763/368 380/764/368
s 45
f 380/765/369 386/766/369 385/767/369 379/768/369
s 46
f 386/769/361 387/770/361 388/771/361 389/772/361
f 389/772/361 390/773/361 385/774/361 386/769/361
s 47
f 393/775/362 392/776/362 396/777/362 398/778/362
s 48
f 398/779/361 396/780/361 395/781/361 397/782/361
s 6
f 298/516/364 396/526/363 392/783/364
s 49
f 391/784/369 394/785/369 397/786/369 395/787/369
s 50
f 394/788/370 393/789/370 398/790/370 397/791/370
s 19
f 292/792/449 290/578/372 326/581/375 320/793/449
s 38
f 371/735/439 406/734/438 405/794/450 372/795/451
s 40
f 401/746/448 403/729/433 323/732/436 321/747/448
s 38
f 375/796/452 402/797/453 399/798/454 374/799/454
f 372/795/451 405/794/450 404/800/455 378/801/456
f 378/801/456 404/800/455 403/710/427 377/709/426
f 376/712/429 401/711/428 402/797/453 375/796/452
s 51
f 373/802/457 443/803/458 400/804/459
s 52
f 407/805/460 408/806/460 410/807/460 409/808/460
s 53
f 409/809/461 410/807/461 412/810/462 411/811/463
f 411/811/463 412/810/462 416/812/464 415/813/465
f 415/813/465 416/812/464 418/814/466 417/815/467
f 417/815/467 418/814/466 420/816/468 419/817/468
s 54
f 419/818/469 420/816/469 422/819/469 421/820/469
s 55
f 440/821/470 439/822/470 434/823/470 433/824/470
s 56
f 424/825/471 423/826/472 426/827/473 425/828/473
f 428/829/474 427/830/475 432/831/476 431/832/477
f 431/832/477 432/831/476 430/833/478 429/834/479
f 427/830/475 428/829/474 423/826/472 424/825/471
f 429/834/479 430/833/478 421/820/480 422/819/480
s 55
f 442/835/470 441/836/470 439/822/470 440/821/470
f 425/828/470 426/827/470 441/836/470 442/835/470
s 57
f 436/837/481 435/838/481 438/839/481 437/840/481
s 58
f 413/841/482 414/842/482 437/840/482 438/839/482
s 59
f 433/824/483 434/823/483 435/838/483 436/837/483
s 4
f 384/843/361 383/844/361 410/807/361 408/806/361
f 383/844/361 382/845/361 412/810/361 410/807/361
s 1
f 292/502/358 302/639/358 332/601/358 336/603/358
s 4
f 391/846/361 413/841/361 438/839/361 394/847/361
s 6
f 413/848/415 391/849/415 395/642/415 414/645/415
s 4
f 418/814/361 416/812/361 371/850/361 372/851/361
f 382/845/361 381/720/361 373/519/361
f 420/816/361 418/814/361 372/851/361 378/852/361
f 420/816/361 378/852/361 377/853/361 422/819/361
f 422/819/361 377/853/361 429/834/361
f 423/826/361 441/836/361 426/827/361
f 428/829/361 441/836/361 423/826/361
f 441/836/361 428/829/361 376/854/361
f 376/854/361 428/829/361 431/832/361
f 429/834/361 377/853/361 376/854/361 431/832/361
f 439/822/361 375/855/361 374/518/361 434/823/361
f 392/856/361 393/857/361 434/823/361 298/858/361
f 298/858/361 434/823/361 374/518/361 370/517/361
f 435/838/361 434/823/361 393/857/361
f 438/839/361 435/838/361 393/857/361 394/847/361
f 375/855/361 439/822/361 441/836/361 376/854/361
s 51
f 374/859/457 399/860/457 443/803/458 373/802/457
s 60
f 402/861/358 445/862/358 444/863/358 399/864/358
s 40
f 445/865/484 402/745/447 322/748/447 365/866/484
s 60
f 399/864/358 444/863/358 446/867/358 443/868/358
s 19
f 321/591/384 323/589/382 296/588/381 295/590/383
s 40
f 446/869/369 444/870/485 364/871/485 366/872/369
f 444/870/485 445/865/484 365/866/484 364/871/485
s 18
f 390/574/371 384/873/371 408/874/371 407/713/371
f 379/875/371 385/577/371 367/716/371
s 1
f 336/603/358 290/659/358 292/502/358
f 292/502/358 301/504/358 302/639/358
s 4
f 373/519/361 371/850/361 416/812/361
f 382/845/361 373/519/361 416/812/361 412/810/361
s 40
f 406/743/446 400/737/440 320/740/443 326/744/446
o Standard_Gun.006
v 0.031473 -0.039848 0.129539
v 0.029409 -0.040704 0.127710
v 0.029406 0.024924 0.267865
v 0.031473 0.024067 0.266036
v 0.031473 -0.019706 0.119449
v 0.029420 -0.020953 0.117816
v 0.031473 -0.010245 0.101199
v 0.029434 -0.012321 0.101220
v 0.031473 -0.012648 0.111592
v 0.029428 -0.014498 0.110630
v 0.031473 0.033003 0.260384
v 0.029433 0.035021 0.260704
v 0.031473 0.031428 0.262798
v 0.029418 0.032534 0.264516
v 0.031473 0.032541 0.261804
v 0.029426 0.034293 0.262946
v 0.031473 0.031416 0.093625
v 0.029443 0.032803 0.092133
v 0.031473 0.033003 0.096691
v 0.029438 0.035021 0.096421
v 0.031473 0.032538 0.094988
v 0.029441 0.034371 0.094039
v 0.031473 0.006080 0.077595
v 0.029445 0.005249 0.075727
v 0.031473 0.008842 0.077645
v 0.029444 0.009739 0.075807
v 0.031473 0.007468 0.077230
v 0.029445 0.007506 0.075133
v 0.031473 -0.012640 0.091693
v 0.029438 -0.014679 0.091858
v 0.031473 -0.011681 0.089236
v 0.029443 -0.013071 0.087734
v 0.031473 -0.012523 0.090323
v 0.029441 -0.014483 0.089558
v 0.020537 -0.062853 0.140956
v 0.017638 -0.064708 0.141353
v 0.020948 -0.062191 0.139403
v 0.018898 -0.063399 0.137740
v 0.020708 -0.062901 0.140149
v 0.018005 -0.064802 0.139276
v 0.021127 0.003898 0.275481
v 0.018896 0.004453 0.277450
v 0.020587 0.002290 0.274964
v 0.017638 0.000840 0.276141
v 0.020708 0.002922 0.275525
v 0.018004 0.002376 0.277544
v -0.031799 -0.039848 0.129539
v -0.029734 -0.040704 0.127710
v -0.029732 0.024924 0.267865
v -0.031799 0.024067 0.266036
v -0.031799 -0.019706 0.119449
v -0.029745 -0.020953 0.117816
v -0.031799 -0.010245 0.101199
v -0.029759 -0.012321 0.101220
v -0.031799 -0.012648 0.111592
v -0.029753 -0.014498 0.110630
v -0.031799 0.033003 0.260384
v -0.029758 0.035021 0.260704
v -0.031799 0.031428 0.262798
v -0.029743 0.032534 0.264516
v -0.031799 0.032541 0.261804
v -0.029752 0.034293 0.262946
v -0.031799 0.031416 0.093625
v -0.029769 0.032803 0.092133
v -0.031799 0.033003 0.096691
v -0.029763 0.035021 0.096421
v -0.031799 0.032538 0.094988
v -0.029766 0.034371 0.094039
v -0.031799 0.006080 0.077595
v -0.029770 0.005249 0.075727
v -0.031799 0.008842 0.077645
v -0.029770 0.009739 0.075807
v -0.031799 0.007468 0.077230
v -0.029770 0.007506 0.075133
v -0.031799 -0.012640 0.091693
v -0.029764 -0.014679 0.091858
v -0.031799 -0.011681 0.089236
v -0.029769 -0.013071 0.087734
v -0.031799 -0.012523 0.090323
v -0.029767 -0.014483 0.089558
v -0.020862 -0.062853 0.140956
v -0.017963 -0.064708 0.141353
v -0.021273 -0.062191 0.139403
v -0.019224 -0.063399 0.137740
v -0.021034 -0.062901 0.140149
v -0.018330 -0.064802 0.139276
v -0.021453 0.003898 0.275481
v -0.019221 0.004453 0.277450
v -0.020912 0.002290 0.274964
v -0.017963 0.000840 0.276141
v -0.021034 0.002922 0.275525
v -0.018329 0.002376 0.277544
vn -0.7072 0.7008 -0.0935
vn -0.7126 0.6234 -0.3218
vn -0.7126 0.6234 -0.3219
vn -0.7077 0.6977 0.1112
vn -0.7077 0.6977 0.1113
vn -0.7071 -0.4289 -0.5622
vn -0.6985 -0.4412 -0.5635
vn -0.6997 -0.4213 -0.5769
vn -0.5385 -0.6987 0.4711
vn -0.5382 -0.7028 0.4651
vn -0.5848 -0.4697 0.6614
vn -0.5938 -0.4211 0.6856
vn -0.0000 -0.9967 0.0806
vn -0.0000 -0.9964 -0.0850
vn -0.7082 0.4810 -0.5169
vn -0.7082 0.4810 -0.5168
vn -0.7099 0.3093 -0.6328
vn -0.7100 -0.4782 -0.5170
vn -0.7100 -0.4782 -0.5169
vn -0.7194 -0.6474 -0.2518
vn -0.7194 -0.6473 -0.2519
vn 0.9139 -0.3662 0.1753
vn 0.9056 -0.3707 0.2062
vn 0.9099 -0.3687 0.1902
vn -0.6679 -0.6112 -0.4246
vn -0.6591 -0.6381 -0.3981
vn -0.6004 -0.7973 -0.0623
vn -0.6110 -0.7831 -0.1159
vn -0.5403 -0.7995 0.2625
vn -0.5407 -0.8019 0.2540
vn -0.6910 0.1645 0.7039
vn -0.6876 0.1383 0.7128
vn -0.7048 0.3827 0.5973
vn -0.7048 0.3828 0.5973
vn -0.7090 -0.7028 0.0574
vn -0.7090 -0.7028 0.0573
vn 1.0000 -0.0000 -0.0000
vn 0.9299 -0.3333 0.1557
vn 0.9142 -0.3671 0.1719
vn -1.0000 -0.0000 -0.0000
vn -0.7134 -0.7007 0.0069
vn -0.7137 -0.6215 -0.3232
vn -0.7137 -0.6215 -0.3231
vn -0.7145 0.5851 0.3836
vn -0.7145 0.5849 0.3839
vn -0.7099 -0.2864 -0.6434
vn -0.0000 0.2900 0.9570
vn -0.0000 0.0452 0.9990
vn -0.0000 0.9877 0.1563
vn -0.0000 0.9511 0.3090
vn -0.6370 -0.1341 0.7591
vn -0.6467 -0.0901 0.7574
vn -0.7188 0.0125 -0.6951
vn 0.9270 -0.3642 0.0897
vn -0.0000 -0.4065 -0.9136
vn -0.0000 -0.2543 -0.9671
vn 0.8981 -0.3755 0.2289
vn -0.9270 -0.3642 0.0897
vn -0.9716 -0.1047 0.2122
vn -0.9299 -0.3333 0.1557
vn 0.9716 -0.1047 0.2122
vn 0.7137 -0.6215 -0.3231
vn 0.7071 -0.4289 -0.5621
vn 0.7071 -0.4289 -0.5622
vn 0.7137 -0.6215 -0.3232
vn 0.7134 -0.7007 0.0069
vn 0.6997 -0.4213 -0.5769
vn 0.6985 -0.4412 -0.5635
vn 0.7048 0.3828 0.5973
vn 0.7145 0.5851 0.3836
vn 0.7145 0.5849 0.3839
vn 0.7048 0.3827 0.5973
vn 0.7077 0.6977 0.1112
vn 0.7077 0.6977 0.1113
vn 0.7072 0.7008 -0.0935
vn 0.7126 0.6234 -0.3219
vn 0.7126 0.6234 -0.3218
vn 0.7082 0.4810 -0.5169
vn 0.7082 0.4810 -0.5168
vn 0.7099 0.3093 -0.6328
vn 0.7188 0.0125 -0.6951
vn 0.7099 -0.2864 -0.6434
vn 0.7100 -0.4782 -0.5170
vn 0.7194 -0.6473 -0.2519
vn 0.7194 -0.6474 -0.2518
vn 0.7100 -0.4782 -0.5169
vn 0.7090 -0.7028 0.0573
vn 0.7090 -0.7028 0.0574
vn 0.5385 -0.6987 0.4711
vn 0.5938 -0.4211 0.6856
vn 0.5848 -0.4697 0.6614
vn 0.5382 -0.7028 0.4651
vn 0.6467 -0.0901 0.7574
vn 0.6370 -0.1341 0.7591
vn 0.6679 -0.6112 -0.4246
vn 0.6110 -0.7831 -0.1159
vn 0.6004 -0.7973 -0.0623
vn 0.6591 -0.6381 -0.3981
vn 0.5407 -0.8019 0.2540
vn 0.5403 -0.7995 0.2625
vn 0.6910 0.1645 0.7039
vn 0.6876 0.1383 0.7128
vn -0.0000 0.2888 -0.9574
vn -0.0000 0.4390 -0.8985
vn -0.0000 -1.0000 0.0098
vn -0.9099 -0.3687 0.1902
vn -0.8981 -0.3755 0.2289
vn -0.9056 -0.3707 0.2062
vn -0.0000 0.8881 -0.4596
vn -0.0000 0.9911 -0.1328
vn -0.0000 -0.8872 -0.4613
vn -0.0000 0.4117 0.9113
vn -0.0000 -0.6066 -0.7950
vn -0.0000 -0.7951 0.6065
vn -0.0000 -0.9718 0.2358
vn -0.0000 -0.7384 -0.6744
vn -0.0000 -0.5391 -0.8422
vn -0.0000 0.6810 -0.7323
vn -0.0000 0.5412 0.8409
vn -0.0000 -0.4294 -0.9031
vn -0.9142 -0.3671 0.1719
vn -0.0000 -0.6788 -0.7344
vn -0.0000 -0.7908 -0.6121
vn -0.0000 0.6659 0.7460
vn -0.0000 -0.6744 0.7384
vn -0.0000 -0.9990 0.0452
vn -0.9139 -0.3663 0.1753
vt 0.951577 0.295153
vt 0.950334 0.291182
vt 0.954105 0.290550
vt 0.953999 0.294770
vt 0.740686 0.397344
vt 0.738195 0.393942
vt 0.955178 0.377270
vt 0.959246 0.378102
vt 0.958710 0.410048
vt 0.954643 0.409502
vt 0.741158 0.449336
vt 0.740282 0.454297
vt 0.737248 0.452949
vt 0.740122 0.448847
vt 0.713923 0.002486
vt 0.713924 0.087209
vt 0.710621 0.087213
vt 0.710620 0.002482
vt 0.956399 0.295285
vt 0.957841 0.291372
vt 0.993724 0.311030
vt 0.991089 0.314260
vt 0.989047 0.347741
vt 0.992991 0.349012
vt 0.991264 0.352188
vt 0.988148 0.349335
vt 0.734017 0.476311
vt 0.733526 0.511538
vt 0.731931 0.513335
vt 0.955895 0.447647
vt 0.959668 0.449583
vt 0.958252 0.452859
vt 0.955292 0.448905
vt 0.955276 0.454297
vt 0.954353 0.449413
vt 0.739072 0.412311
vt 0.734972 0.413028
vt 0.734316 0.400274
vt 0.738605 0.400822
vt 0.988249 0.354139
vt 0.986594 0.350349
vt 0.518447 0.473500
vt 0.517912 0.441270
vt 0.732404 0.461343
vt 0.518737 0.513411
vt 0.972859 0.353598
vt 0.974689 0.357352
vt 0.964260 0.365714
vt 0.960956 0.363251
vt 0.739249 0.398855
vt 0.735504 0.396619
vt 0.992795 0.317650
vt 0.996970 0.317411
vt 0.335697 0.017579
vt 0.335698 0.072127
vt 0.332722 0.070850
vt 0.332721 0.018855
vt 0.386690 0.002499
vt 0.386692 0.087206
vt 0.383318 0.087196
vt 0.383316 0.002508
vt 0.735707 0.449704
vt 0.739564 0.447538
vt 0.992342 0.315750
vt 0.996144 0.313815
vt 0.484043 0.411740
vt 0.480295 0.381649
vt 0.500231 0.417597
vt 0.521513 0.359152
vt 0.517195 0.511647
vt 0.675972 0.002477
vt 0.675973 0.087218
vt 0.672634 0.087218
vt 0.672633 0.002477
vt 0.732968 0.512847
vt 0.512133 0.427250
vt 0.733841 0.462855
vt 0.734485 0.464822
vt 0.519091 0.358769
vt 0.516690 0.359284
vt 0.517798 0.512904
vt 0.484941 0.413335
vt 0.486497 0.414349
vt 0.513843 0.442102
vt 0.508830 0.429714
vt 0.498400 0.421352
vt 0.514380 0.474047
vt 0.737586 0.460619
vt 0.738774 0.464273
vt 0.734895 0.457942
vt 0.518986 0.354549
vt 0.522756 0.355182
vt 0.515249 0.355372
vt 0.482001 0.378259
vt 0.480748 0.379749
vt 0.476946 0.377815
vt 0.479366 0.375029
vt 0.476120 0.381410
vt 0.481826 0.416187
vt 0.480099 0.413011
vt 0.484841 0.418140
vt 0.735841 0.516949
vt 0.732808 0.518297
vt 0.737383 0.513704
vt 0.514837 0.516859
vt 0.513422 0.513583
vt 0.517813 0.518297
vt 0.738117 0.477028
vt 0.669295 0.087218
vt 0.669294 0.002478
vt 0.727739 0.002492
vt 0.727740 0.087202
vt 0.625324 0.002484
vt 0.625325 0.087213
vt 0.621793 0.087209
vt 0.621791 0.002489
vt 0.741563 0.087193
vt 0.741562 0.002501
vt 0.368046 0.087167
vt 0.368045 0.002537
vt 0.755386 0.087181
vt 0.755385 0.002512
vt 0.961257 0.461513
vt 0.961257 0.512461
vt 0.746768 0.512461
vt 0.746768 0.461513
vt 0.825483 0.018846
vt 0.825484 0.070845
vt 0.822508 0.072123
vt 0.822507 0.017568
vt 0.628856 0.002481
vt 0.628857 0.087217
vt 0.379944 0.087184
vt 0.379943 0.002520
vt 0.786998 0.002527
vt 0.786999 0.087165
vt 0.707318 0.002479
vt 0.707319 0.087216
vt 0.964234 0.460990
vt 0.964234 0.512985
vt 0.743792 0.512986
vt 0.743792 0.460988
s 1
usemtl Material.001
f 511/876/486 512/877/486 514/878/487 513/879/488
f 503/880/489 504/881/490 512/877/486 511/876/486
f 497/882/491 498/883/491 494/884/492 493/885/493
f 535/886/494 536/887/495 538/888/496 537/889/497
s 2
f 476/890/498 522/891/498 526/892/499 480/893/499
s 1
f 509/894/500 510/895/501 518/896/502 517/897/502
f 523/898/503 524/899/504 526/900/505 525/901/506
s 3
f 450/902/507 487/903/508 489/904/509
s 1
f 529/905/510 530/906/511 532/907/512 531/908/513
f 531/908/513 532/907/512 528/909/514 527/910/515
f 496/911/516 495/912/517 506/913/518 505/914/519
f 525/901/506 526/900/505 522/915/520 521/916/521
s 4
f 450/902/522 447/917/522 451/918/522 457/919/522
s 3
f 489/904/509 481/920/523 447/917/524 450/902/507
s 5
f 493/885/525 496/911/525 503/880/525 497/882/525
s 1
f 499/921/526 500/922/526 502/923/527 501/924/528
f 507/925/529 508/926/530 504/881/490 503/880/489
f 505/914/519 506/913/518 508/926/530 507/925/529
f 515/927/531 516/928/531 524/899/504 523/898/503
s 6
f 488/929/532 534/930/532 538/931/533 492/932/533
s 7
f 458/933/534 504/934/534 508/935/535 462/936/535
s 1
f 537/889/497 538/888/496 534/937/536 533/938/537
f 519/939/538 520/940/538 516/928/531 515/927/531
s 4
f 477/941/522 469/942/522 453/943/522
s 1
f 501/924/528 502/923/527 498/883/491 497/882/491
f 521/916/521 522/915/520 500/922/526 499/921/526
s 4
f 457/919/522 451/918/522 465/944/522
s 1
f 527/910/515 528/909/514 536/887/495 535/886/494
s 3
f 483/945/539 447/917/524 481/920/523
s 1
f 513/879/488 514/878/487 510/895/501 509/894/500
f 493/885/493 494/884/492 530/906/511 529/905/510
s 8
f 470/946/540 516/947/540 520/948/541 474/949/541
s 3
f 487/903/508 491/950/542 489/904/509
s 4
f 451/918/522 455/951/522 465/944/522
s 1
f 495/912/517 496/911/516 533/938/537 534/937/536
s 4
f 461/952/522 459/953/522 457/919/522
f 467/954/522 465/944/522 463/955/522
s 9
f 529/905/543 531/908/544 527/910/545
s 1
f 517/897/502 518/896/502 520/940/538 519/939/538
s 3
f 485/956/546 483/945/539 481/920/523
s 4
f 479/957/522 477/941/522 475/958/522
s 10
f 455/951/547 451/918/548 452/959/549 456/960/550
f 453/943/551 455/951/547 456/960/550 454/961/551
f 451/918/548 447/917/552 448/962/553 452/959/549
f 459/953/554 461/952/555 462/963/556 460/964/557
f 461/952/555 457/919/558 458/965/559 462/963/556
f 465/944/560 467/954/561 468/966/562 466/967/560
f 467/954/561 463/955/563 464/968/564 468/966/562
f 471/969/565 473/970/566 474/971/566 472/972/565
f 473/970/566 469/942/567 470/973/567 474/971/566
f 477/941/568 479/957/569 480/974/570 478/975/571
f 479/957/569 475/958/572 476/976/573 480/974/570
f 489/904/574 491/950/575 492/977/576 490/978/577
f 491/950/575 487/903/578 488/979/579 492/977/576
f 483/945/580 485/956/581 486/980/582 484/981/583
f 485/956/581 481/920/584 482/982/585 486/980/582
f 450/902/586 459/953/554 460/964/557 449/983/587
f 457/919/558 465/944/560 466/967/560 458/965/559
f 463/955/563 471/969/565 472/972/565 464/968/564
f 469/942/567 477/941/568 478/975/571 470/973/567
f 475/958/572 453/943/551 454/961/551 476/976/573
f 481/920/584 489/904/574 490/978/577 482/982/585
f 447/917/552 483/945/580 484/981/583 448/962/553
f 449/983/587 488/979/579 487/903/578 450/902/586
s 7
f 474/949/588 520/948/588 518/984/589 472/985/589
s 2
f 454/986/590 500/987/590 522/891/498 476/890/498
s 4
f 469/942/522 471/969/522 453/943/522
s 9
f 535/886/591 537/889/592 533/938/593
s 4
f 471/969/522 463/955/522 453/943/522
f 469/942/522 473/970/522 471/969/522
s 5
f 511/876/525 501/924/525 497/882/525
s 7
f 468/988/594 514/989/594 512/990/595 466/991/595
s 2
f 502/992/596 500/987/590 454/986/590 456/993/596
s 6
f 495/994/597 534/930/532 488/929/532 449/995/597
s 2
f 498/996/598 502/992/596 456/993/596 452/997/598
s 7
f 466/991/595 512/990/595 504/934/534 458/933/534
s 11
f 490/998/599 536/999/599 528/1000/600 482/1001/600
s 2
f 486/1002/601 532/1003/601 530/1004/602 484/1005/602
s 7
f 464/1006/603 510/1007/603 514/989/594 468/988/594
s 6
f 506/1008/604 495/994/597 449/995/597 460/1009/604
s 2
f 448/1010/605 494/1011/605 498/996/598 452/997/598
s 9
f 493/885/606 529/905/543 527/910/545
s 8
f 478/1012/607 524/1013/607 516/947/540 470/946/540
s 2
f 484/1005/602 530/1004/602 494/1011/605 448/1010/605
s 8
f 480/893/608 526/892/608 524/1013/607 478/1012/607
s 6
f 462/936/609 508/935/609 506/1008/604 460/1009/604
s 11
f 492/1014/610 538/1015/610 536/999/599 490/998/599
f 482/1001/600 528/1000/600 532/1016/611 486/1017/611
s 4
f 453/943/522 475/958/522 477/941/522
s 9
f 533/938/593 496/911/612 535/886/591
s 4
f 459/953/522 450/902/522 457/919/522
s 7
f 472/985/589 518/984/589 510/1007/603 464/1006/603
s 5
f 496/911/525 505/914/525 503/880/525
f 505/914/525 507/925/525 503/880/525
f 503/880/525 511/876/525 497/882/525
f 511/876/525 513/879/525 509/894/525
f 509/894/525 517/897/525 499/921/525
f 517/897/525 519/939/525 515/927/525
f 499/921/525 517/897/525 515/927/525
f 515/927/525 523/898/525 499/921/525
f 523/898/525 525/901/525 521/916/525
f 523/898/525 521/916/525 499/921/525
f 501/924/525 511/876/525 509/894/525 499/921/525
s 4
f 453/943/522 463/955/522 465/944/522 455/951/522
s 9
f 496/911/612 493/885/606 527/910/545 535/886/591
o Standard_Gun.007
v 0.031473 0.070171 0.264089
v 0.031473 0.071566 0.013029
v 0.031473 0.071136 0.089186
v -0.030709 0.070171 0.264089
v 0.023942 0.085053 0.264089
v 0.029350 0.078850 0.264089
v 0.023942 0.084749 0.019442
v 0.029350 0.079169 0.016731
v -0.000023 0.086980 0.089186
v 0.024365 0.084857 0.089186
v 0.029773 0.079058 0.089186
v 0.031473 0.046001 0.264089
v 0.031473 0.042890 0.260978
v 0.031473 0.043801 0.263178
v 0.031473 0.023543 -0.006228
v 0.031473 0.028922 -0.006696
v 0.031473 0.026177 -0.007100
v 0.031473 0.042890 0.092296
v 0.031473 0.040255 0.087533
v -0.030709 0.071566 0.013029
v 0.031473 0.042119 0.089613
v 0.031473 0.009189 0.006841
v 0.031473 0.011745 0.001957
v 0.031473 0.009938 0.004122
v 0.031473 0.011825 0.069704
v 0.031473 0.009189 0.064941
v 0.031473 0.009961 0.067624
v -0.000023 0.087316 0.264089
v -0.000023 0.086784 0.020431
v -0.030709 0.071136 0.089186
v -0.023178 0.085053 0.264089
v -0.028586 0.078850 0.264089
v -0.023178 0.084749 0.019442
v -0.028586 0.079169 0.016731
v -0.023601 0.084857 0.089186
v -0.029009 0.079058 0.089186
v -0.030709 0.046001 0.264089
v -0.030709 0.042890 0.260978
v -0.030709 0.043801 0.263178
v -0.030709 0.023543 -0.006228
v -0.030709 0.028922 -0.006696
v -0.030709 0.026177 -0.007100
v -0.030709 0.042890 0.092296
v -0.030709 0.040255 0.087533
v -0.030709 0.042119 0.089613
v -0.030709 0.009189 0.006841
v -0.030709 0.011745 0.001957
v -0.030709 0.009938 0.004122
v -0.030709 0.011825 0.069704
v -0.030709 0.009189 0.064941
v -0.030709 0.009961 0.067624
vn -0.0000 -0.9902 0.1396
vn -0.0000 -0.9910 -0.1339
vn -0.0000 -0.8860 -0.4637
vn -0.0000 -0.6749 -0.7379
vn -0.0000 -0.8750 0.4841
vn -0.0000 -0.6443 0.7647
vn 1.0000 -0.0000 -0.0000
vn 0.8822 0.4709 -0.0006
vn 0.9053 0.4248 -0.0029
vn 0.7243 0.6895 -0.0043
vn 0.7336 0.6796 -0.0012
vn 0.9932 0.1168 -0.0000
vn 0.9962 0.0875 -0.0007
vn 0.9936 0.1125 0.0010
vn 0.8870 0.4617 0.0019
vn 0.7428 0.6695 0.0018
vn -0.0000 -0.0000 1.0000
vn -1.0000 -0.0000 -0.0000
vn -0.0000 -0.9239 0.3827
vn -0.0000 -0.9808 0.1951
vn -0.0000 -0.1951 0.9808
vn -0.0000 -0.3827 0.9239
vn -0.0000 0.4370 -0.8995
vn 0.0880 0.9961 -0.0019
vn 0.0856 0.9963 -0.0025
vn -0.0015 1.0000 -0.0025
vn -0.0015 1.0000 -0.0019
vn 0.0903 0.9959 -0.0014
vn -0.0016 1.0000 -0.0014
vn -0.0000 0.4375 -0.8992
vn -0.0000 0.4281 -0.9038
vn -0.8822 0.4709 -0.0006
vn -0.7336 0.6796 -0.0012
vn -0.7243 0.6895 -0.0043
vn -0.9053 0.4248 -0.0029
vn -0.9932 0.1168 -0.0000
vn -0.9962 0.0875 -0.0007
vn -0.9936 0.1125 0.0010
vn -0.8870 0.4617 0.0019
vn -0.7428 0.6695 0.0018
vn -0.0910 0.9958 -0.0019
vn -0.0886 0.9961 -0.0025
vn -0.0934 0.9956 -0.0014
vn -0.0000 -0.4466 -0.8947
vn -0.0000 -0.0865 -0.9962
vn -0.0000 0.2857 -0.9583
vt 0.089679 0.384497
vt 0.089679 0.473485
vt 0.006533 0.473485
vt 0.006533 0.384497
vt 0.002497 0.473485
vt 0.002497 0.384497
vt 0.198070 0.825490
vt 0.194034 0.825490
vt 0.194034 0.736501
vt 0.198070 0.736501
vt 0.093675 0.473485
vt 0.093675 0.384497
vt 0.097671 0.473485
vt 0.097671 0.384497
vt 0.954424 0.046254
vt 0.857462 0.046266
vt 0.860441 0.043602
vt 0.951328 0.043665
vt 0.829495 0.142713
vt 0.933173 0.143147
vt 0.929303 0.154276
vt 0.829491 0.154060
vt 0.829505 0.131121
vt 0.938486 0.131856
vt 0.579225 0.129715
vt 0.579222 0.142500
vt 0.579203 0.154276
vt 0.513578 0.236710
vt 0.513578 0.169277
vt 0.516817 0.203573
vt 0.915232 0.268520
vt 0.912137 0.271109
vt 0.821249 0.271172
vt 0.818269 0.268508
vt 0.967364 0.066924
vt 0.828921 0.089594
vt 0.825080 0.090696
vt 0.579228 0.095125
vt 0.583680 0.090674
vt 0.398495 0.384497
vt 0.398495 0.473485
vt 0.395088 0.473485
vt 0.395088 0.384497
vt 0.504701 0.161538
vt 0.504701 0.244450
vt 0.580532 0.091977
vt 0.831900 0.086931
vt 0.864283 0.042501
vt 0.947438 0.042590
vt 0.457692 0.158499
vt 0.457692 0.247487
vt 0.454285 0.247487
vt 0.454285 0.158500
vt 0.492281 0.247488
vt 0.492281 0.158499
vt 0.077325 0.747279
vt 0.077325 0.814712
vt 0.074086 0.781575
vt 0.102421 0.547412
vt 0.002612 0.546798
vt 0.004036 0.512379
vt 0.102428 0.512379
vt 0.352724 0.546828
vt 0.352730 0.512379
vt 0.086202 0.822452
vt 0.086202 0.739539
vt 0.098305 0.825490
vt 0.098305 0.736501
vt 0.790304 0.172061
vt 0.790299 0.160715
vt 0.890111 0.160498
vt 0.893981 0.171628
vt 0.790314 0.183654
vt 0.899294 0.182918
vt 0.540033 0.185060
vt 0.540030 0.172275
vt 0.540011 0.160498
vt 0.789729 0.225180
vt 0.544487 0.224100
vt 0.540035 0.219649
vt 0.541340 0.222796
vt 0.792709 0.227844
vt 0.927589 0.243922
vt 0.908246 0.272185
vt 0.825091 0.272273
vt 0.102422 0.478500
vt 0.002612 0.479114
vt 0.352724 0.479083
vt 0.149693 0.384497
vt 0.149692 0.473485
vt 0.145697 0.473485
vt 0.145697 0.384497
vt 0.173485 0.736501
vt 0.173485 0.825490
vt 0.966121 0.063153
vt 0.928172 0.247850
vt 0.785888 0.224078
vt 0.153689 0.384497
vt 0.153689 0.473485
vt 0.169514 0.736501
vt 0.169514 0.825490
vt 0.165544 0.825490
vt 0.165544 0.736501
vt 0.966781 0.070853
vt 0.926929 0.251621
s 1
usemtl Material.001
f 564/1018/613 588/1019/613 584/1020/614 560/1021/614
f 584/1020/614 586/1022/615 562/1023/615 560/1021/614
f 586/1024/615 585/1025/616 561/1026/616 562/1027/615
f 589/1028/617 588/1019/613 564/1018/613 565/1029/617
f 587/1030/618 589/1028/617 565/1029/617 563/1031/618
s 2
f 561/1032/619 563/1033/619 565/1034/619 562/1035/619
f 549/1036/620 546/1037/621 545/1038/622 548/1039/623
f 541/1040/624 540/1041/625 546/1037/621 549/1036/620
f 539/1042/626 541/1040/624 549/1036/620 544/1043/627
f 544/1043/627 549/1036/620 548/1039/623 543/1044/628
s 3
f 569/1045/629 543/1046/629 566/1047/629
s 4
f 585/1048/630 586/1049/630 589/1050/630 587/1051/630
s 2
f 555/1052/619 563/1033/619 561/1032/619
f 559/1053/619 541/1040/624 556/1054/619
f 539/1042/626 550/1055/619 551/1056/619
s 1
f 552/1057/631 577/1058/631 576/1059/632 551/1060/632
s 3
f 544/1061/629 543/1046/629 569/1045/629 570/1062/629
s 2
f 551/1056/619 550/1055/619 552/1063/619
f 540/1041/625 559/1053/619 557/1064/619
f 562/1035/619 565/1034/619 564/1065/619 560/1066/619
s 3
f 550/1067/633 575/1068/633 577/1069/634 552/1070/634
f 542/1071/629 539/1072/629 544/1061/629 570/1062/629
s 1
f 545/1073/635 571/1074/635 567/1075/635
s 5
f 548/1076/636 545/1077/637 567/1078/638 547/1079/639
f 543/1080/640 548/1076/636 547/1079/639 566/1081/641
s 1
f 572/1082/642 571/1074/635 545/1073/635 546/1083/642
f 558/1084/643 572/1082/642 546/1083/642 540/1085/643
s 4
f 574/1086/644 573/1087/645 571/1088/646 572/1089/647
f 568/1090/648 574/1086/644 572/1089/647 558/1091/649
f 542/1092/650 570/1093/651 574/1086/644 568/1090/648
f 570/1093/651 569/1094/652 573/1087/645 574/1086/644
f 583/1095/630 568/1090/648 558/1091/649
f 576/1096/630 575/1097/630 542/1092/650
f 576/1096/630 577/1098/630 575/1097/630
f 582/1099/630 558/1091/649 579/1100/630
f 586/1049/630 584/1101/630 588/1102/630 589/1050/630
s 5
f 573/1103/653 547/1079/639 567/1078/638 571/1104/654
f 569/1105/655 566/1081/641 547/1079/639 573/1103/653
s 1
f 559/1106/617 583/1107/617 582/1108/618 557/1109/618
f 553/1110/656 561/1026/616 585/1025/616 578/1111/656
s 2
f 561/1032/619 553/1112/619 555/1052/619
s 4
f 579/1100/630 580/1113/630 587/1051/630 582/1099/630
s 2
f 559/1053/619 540/1041/625 541/1040/624
s 4
f 581/1114/630 576/1096/630 542/1092/650 568/1090/648
s 1
f 556/1115/613 581/1116/613 583/1107/617 559/1106/617
f 555/1117/657 580/1118/657 579/1119/658 554/1120/658
f 540/1085/643 554/1120/658 579/1119/658 558/1084/643
s 2
f 556/1054/619 541/1040/624 539/1042/626 551/1056/619
f 554/1121/619 540/1041/625 557/1064/619
s 1
f 556/1115/613 551/1060/632 576/1059/632 581/1116/613
s 3
f 542/1071/629 575/1068/633 550/1067/633 539/1072/629
s 4
f 580/1113/630 578/1122/630 585/1048/630
f 585/1048/630 587/1051/630 580/1113/630
f 583/1095/630 581/1114/630 568/1090/648
s 2
f 555/1052/619 554/1121/619 557/1064/619 563/1033/619
s 4
f 582/1099/630 583/1095/630 558/1091/649
s 1
f 553/1110/656 578/1111/656 580/1118/657 555/1117/657
f 557/1109/618 582/1108/618 587/1030/618 563/1031/618
o Standard_Gun.008
v 0.004830 0.002294 -0.014283
v 0.004094 0.002294 0.010811
v 0.004830 0.002294 0.010005
v 0.004830 -0.008726 -0.013036
v 0.004094 -0.008384 -0.014016
v 0.004830 -0.025066 -0.005255
v 0.004094 -0.025203 -0.006007
v 0.004094 -0.035757 -0.000730
v 0.004830 -0.035679 0.000052
v 0.004094 -0.036415 0.000335
v 0.004094 -0.036415 0.003935
v 0.004830 -0.035679 0.003810
v 0.004094 -0.035687 0.004565
v 0.004830 -0.023735 0.002068
v 0.004094 -0.023601 0.002802
v 0.004830 -0.014280 0.002902
v 0.004094 -0.014524 0.003603
v -0.005156 0.002294 -0.014283
v -0.004420 0.002294 0.010811
v -0.005156 0.002294 0.010005
v -0.005156 -0.008726 -0.013036
v -0.004420 -0.008384 -0.014016
v -0.005156 -0.025066 -0.005255
v -0.004420 -0.025203 -0.006007
v -0.004420 -0.035757 -0.000730
v -0.005156 -0.035679 0.000052
v -0.004420 -0.036415 0.000335
v -0.004420 -0.036415 0.003935
v -0.005156 -0.035679 0.003810
v -0.004420 -0.035687 0.004565
v -0.005156 -0.023735 0.002068
v -0.004420 -0.023601 0.002802
v -0.005156 -0.014280 0.002902
v -0.004420 -0.014524 0.003603
vn 0.5440 -0.7137 -0.4411
vn 0.6164 -0.5151 0.5956
vn 0.7081 -0.3036 -0.6376
vn 0.7080 -0.3044 -0.6373
vn 0.7063 -0.3159 -0.6335
vn 0.7062 -0.3166 -0.6333
vn 0.7071 -0.7071 -0.0000
vn 0.7119 0.1014 0.6949
vn 0.6994 -0.0628 0.7119
vn 0.7095 -0.2776 0.6477
vn -0.0000 -0.8506 -0.5257
vn -0.7859 -0.0695 -0.6145
vn -0.0000 -0.4472 -0.8944
vn 1.0000 -0.0000 -0.0000
vn -0.0000 -1.0000 -0.0000
vn -0.0000 0.1443 0.9895
vn -0.0000 -0.0879 0.9961
vn -0.5440 -0.7137 -0.4411
vn -0.6164 -0.5151 0.5956
vn -0.7081 -0.3036 -0.6376
vn -0.7063 -0.3158 -0.6335
vn -0.7080 -0.3044 -0.6373
vn -0.7062 -0.3166 -0.6333
vn -0.7071 -0.7071 -0.0000
vn -0.7119 0.1014 0.6949
vn -0.6994 -0.0628 0.7119
vn -0.7095 -0.2776 0.6477
vn -1.0000 -0.0000 -0.0000
vn 0.7859 -0.0695 -0.6145
vn -0.0000 -0.4299 -0.9029
vn -0.0000 -0.2281 -0.9736
vn -0.0000 -0.6541 0.7564
vn -0.0000 -0.0250 -0.9997
vn -0.0000 -0.3939 0.9191
vt 0.775856 0.321814
vt 0.776305 0.323193
vt 0.774826 0.323331
vt 0.774688 0.328253
vt 0.776042 0.327904
vt 0.775699 0.329283
vt 0.814300 0.306510
vt 0.790774 0.316428
vt 0.790449 0.314982
vt 0.814696 0.304744
vt 0.792056 0.327210
vt 0.792138 0.328733
vt 0.805845 0.329232
vt 0.805337 0.330679
vt 0.829877 0.341191
vt 0.830051 0.339607
vt 0.313569 0.689706
vt 0.325748 0.689706
vt 0.325748 0.691497
vt 0.313569 0.691497
vt 0.109948 0.018249
vt 0.111922 0.002498
vt 0.111714 0.017854
vt 0.325748 0.708376
vt 0.313569 0.708376
vt 0.313569 0.684556
vt 0.325748 0.684556
vt 0.325748 0.683178
vt 0.313569 0.683178
vt 0.313569 0.665707
vt 0.325747 0.665707
vt 0.313569 0.652673
vt 0.325747 0.652673
vt 0.094644 0.056694
vt 0.093128 0.057723
vt 0.093265 0.056244
vt 0.088206 0.057862
vt 0.087176 0.056851
vt 0.088554 0.056507
vt 0.101477 0.042100
vt 0.100031 0.041776
vt 0.087725 0.040411
vt 0.089249 0.040493
vt 0.085779 0.027213
vt 0.087226 0.026704
vt 0.075268 0.002672
vt 0.076851 0.002498
vt 0.830051 0.304536
vt 0.325748 0.735024
vt 0.313569 0.735024
vt 0.312516 0.750304
vt 0.326801 0.750304
vt 0.313569 0.626498
vt 0.325747 0.626498
s 1
usemtl Material.001
f 597/1123/659 598/1124/659 599/1125/659
s 2
f 600/1126/660 601/1127/660 602/1128/660
s 3
f 593/1129/661 595/1130/662 596/1131/663 594/1132/661
f 595/1130/662 598/1124/664 597/1123/664 596/1131/663
s 4
f 598/1124/665 601/1127/665 600/1126/665 599/1125/665
s 5
f 601/1127/666 603/1133/666 604/1134/666 602/1128/666
s 6
f 603/1133/667 605/1135/667 606/1136/667 604/1134/667
s 7
f 591/1137/668 606/1136/668 605/1135/668 592/1138/668
s 8
f 599/1139/669 616/1140/669 614/1141/669 597/1142/669
s 9
f 610/1143/670 607/1144/670 611/1145/670
s 10
f 613/1146/671 596/1147/671 597/1142/671 614/1141/671
s 11
f 593/1129/672 605/1135/672 603/1133/672 595/1130/672
s 12
f 616/1140/673 599/1139/673 600/1148/673 617/1149/673
s 11
f 595/1130/672 603/1133/672 601/1127/672 598/1124/672
s 13
f 619/1150/674 602/1151/674 604/1152/674 621/1153/674
s 14
f 621/1153/675 604/1152/675 606/1154/675 623/1155/675
s 15
f 614/1156/676 616/1157/676 615/1158/676
s 16
f 617/1159/677 619/1160/677 618/1161/677
s 17
f 610/1143/678 611/1145/678 613/1162/679 612/1163/680
f 612/1163/680 613/1162/679 614/1156/681 615/1158/681
s 18
f 615/1158/682 616/1157/682 617/1159/682 618/1161/682
s 19
f 618/1161/683 619/1160/683 621/1164/683 620/1165/683
s 20
f 620/1165/684 621/1164/684 623/1166/684 622/1167/684
s 21
f 608/1168/685 609/1169/685 622/1167/685 623/1166/685
s 22
f 610/1143/686 612/1163/686 620/1165/686 622/1167/686
f 612/1163/686 615/1158/686 618/1161/686 620/1165/686
f 609/1169/686 607/1144/686 610/1143/686 622/1167/686
s 23
f 593/1129/687 594/1132/687 590/1170/687
s 11
f 592/1138/672 605/1135/672 593/1129/672 590/1170/672
s 24
f 596/1147/688 613/1146/688 611/1171/689 594/1172/689
s 25
f 619/1150/690 617/1149/690 600/1148/690 602/1151/690
s 24
f 590/1173/691 594/1172/689 611/1171/689 607/1174/691
s 26
f 591/1175/692 608/1176/692 623/1155/692 606/1154/692
o Standard_Gun.009
v 0.037054 0.056444 -0.071988
v 0.037054 0.070622 -0.068189
v 0.037054 0.081002 -0.057810
v 0.037054 0.084801 -0.043631
v 0.037054 0.081002 -0.029452
v 0.037054 0.070622 -0.019073
v 0.037054 0.056444 -0.015274
v 0.037054 0.042238 -0.068176
v 0.037054 0.031858 -0.057797
v 0.037054 0.028059 -0.043618
v 0.037054 0.031858 -0.029439
v 0.037054 0.042238 -0.019060
v 0.037054 0.076509 -0.062243
v 0.037054 0.068698 -0.054600
v 0.037054 0.066583 -0.052377
v 0.037054 0.066892 -0.049905
v 0.037054 0.069363 -0.049132
v 0.037054 0.071848 -0.051046
v 0.033179 0.079441 -0.057117
v 0.033179 0.075720 -0.060788
v 0.033179 0.069164 -0.054481
v 0.033179 0.067412 -0.052640
v 0.033179 0.067668 -0.050594
v 0.033179 0.069715 -0.049954
v 0.033179 0.071773 -0.051539
v 0.037054 0.036351 -0.025006
v 0.037054 0.044419 -0.032778
v 0.037054 0.046535 -0.035001
v 0.037054 0.046226 -0.037473
v 0.037054 0.043754 -0.038245
v 0.037054 0.041269 -0.036331
v 0.033179 0.033419 -0.030132
v 0.033179 0.037139 -0.026461
v 0.033179 0.043953 -0.032897
v 0.033179 0.045705 -0.034737
v 0.033179 0.045449 -0.036784
v 0.033179 0.043402 -0.037424
v 0.033179 0.041345 -0.035839
v -0.037006 0.056444 -0.071988
v -0.037006 0.070622 -0.068189
v -0.037006 0.081002 -0.057810
v -0.037006 0.084801 -0.043631
v -0.037006 0.081002 -0.029452
v -0.037006 0.070622 -0.019073
v -0.037006 0.056444 -0.015274
v -0.037006 0.042238 -0.068176
v -0.037006 0.031858 -0.057797
v -0.037006 0.028059 -0.043618
v -0.037006 0.031858 -0.029439
v -0.037006 0.042238 -0.019060
v -0.037006 0.076509 -0.062243
v -0.037006 0.068698 -0.054600
v -0.037006 0.066583 -0.052377
v -0.037006 0.066892 -0.049905
v -0.037006 0.069363 -0.049132
v -0.037006 0.071848 -0.051046
v -0.033131 0.079441 -0.057117
v -0.033131 0.075720 -0.060788
v -0.033131 0.069164 -0.054481
v -0.033131 0.067412 -0.052640
v -0.033131 0.067668 -0.050594
v -0.033131 0.069715 -0.049954
v -0.033131 0.071773 -0.051539
v -0.037006 0.036351 -0.025006
v -0.037006 0.044419 -0.032778
v -0.037006 0.046535 -0.035001
v -0.037006 0.046226 -0.037473
v -0.037006 0.043754 -0.038245
v -0.037006 0.041269 -0.036331
v -0.033131 0.033419 -0.030132
v -0.033131 0.037139 -0.026461
v -0.033131 0.043953 -0.032897
v -0.033131 0.045705 -0.034737
v -0.033131 0.045449 -0.036784
v -0.033131 0.043402 -0.037424
v -0.033131 0.041345 -0.035839
v 0.026276 0.056444 -0.081607
v 0.023569 0.056444 -0.082560
v 0.023569 0.075908 -0.077344
v 0.026276 0.075431 -0.076519
v 0.023569 0.090157 -0.063095
v 0.026276 0.089331 -0.062619
v 0.023569 0.095372 -0.043631
v 0.026276 0.094419 -0.043631
v 0.023569 0.090157 -0.024167
v 0.026276 0.089332 -0.024643
v 0.023569 0.075908 -0.009918
v 0.026276 0.075431 -0.010743
v 0.023569 0.056444 -0.004702
v 0.026275 0.056444 -0.005655
v 0.023569 0.036952 -0.077331
v 0.026276 0.037428 -0.076506
v 0.026276 0.023528 -0.062606
v 0.023569 0.022703 -0.063082
v 0.026276 0.018440 -0.043618
v 0.023569 0.017487 -0.043618
v 0.023569 0.022703 -0.024154
v 0.026276 0.023528 -0.024630
v 0.026276 0.037428 -0.010730
v 0.023569 0.036952 -0.009905
v -0.023521 0.056444 -0.082560
v -0.026228 0.056444 -0.081607
v -0.026228 0.075431 -0.076519
v -0.023521 0.075908 -0.077344
v -0.026228 0.089331 -0.062619
v -0.023521 0.090157 -0.063095
v -0.026228 0.094419 -0.043631
v -0.023521 0.095372 -0.043631
v -0.026228 0.089332 -0.024643
v -0.023521 0.090157 -0.024167
v -0.026228 0.075431 -0.010743
v -0.023521 0.075908 -0.009918
v -0.026227 0.056444 -0.005655
v -0.023521 0.056444 -0.004702
v -0.026228 0.037428 -0.076506
v -0.023521 0.036952 -0.077331
v -0.023521 0.022703 -0.063082
v -0.026228 0.023528 -0.062606
v -0.023521 0.017487 -0.043618
v -0.026228 0.018440 -0.043618
v -0.026228 0.023528 -0.024630
v -0.023521 0.022703 -0.024154
v -0.023521 0.036952 -0.009905
v -0.026228 0.037428 -0.010730
vn 0.2236 0.2907 -0.9303
vn 0.1159 0.6919 0.7126
vn 0.1174 -0.6858 -0.7183
vn 0.2236 -0.2907 0.9303
vn 0.1035 -0.5884 -0.8019
vn 0.1076 0.7202 0.6854
vn 0.1119 -0.6064 -0.7872
vn 0.2158 0.9689 -0.1211
vn 0.3795 -0.6498 0.6586
vn 1.0000 -0.0000 -0.0000
vn 0.1027 0.5848 0.8047
vn 0.1076 -0.7202 -0.6854
vn 0.1118 0.6064 0.7873
vn 0.2158 -0.9689 0.1211
vn 0.3795 0.6498 -0.6586
vn -0.2236 0.2907 -0.9303
vn -0.1159 0.6919 0.7126
vn -0.1174 -0.6858 -0.7183
vn -0.2236 -0.2907 0.9303
vn -0.1035 -0.5884 -0.8019
vn -0.1076 0.7202 0.6854
vn -0.1119 -0.6064 -0.7873
vn -0.2158 0.9689 -0.1211
vn -0.3795 -0.6498 0.6586
vn -1.0000 -0.0000 -0.0000
vn -0.1027 0.5848 0.8047
vn -0.1076 -0.7202 -0.6854
vn -0.1118 0.6064 0.7873
vn -0.2158 -0.9689 0.1211
vn -0.3795 0.6498 -0.6586
vn 0.6043 -0.7006 0.3793
vn 0.6108 -0.3954 0.6860
vn 0.3322 -0.4709 0.8173
vn 0.3321 -0.8169 0.4716
vn 0.6107 0.3960 -0.6858
vn 0.6104 -0.0003 -0.7921
vn 0.3321 -0.0005 -0.9432
vn 0.3321 0.4716 -0.8169
vn 0.6043 0.7006 -0.3793
vn 0.3321 0.8169 -0.4716
vn 0.6103 0.7921 -0.0000
vn 0.3321 0.9432 -0.0000
vn 0.6103 0.6860 0.3961
vn 0.3321 0.8169 0.4716
vn 0.6104 0.3961 0.6860
vn 0.3321 0.4716 0.8169
vn 0.6103 0.0003 0.7922
vn 0.3321 -0.0000 0.9432
vn 0.6103 -0.3960 -0.6861
vn 0.6103 -0.6860 -0.3961
vn 0.3321 -0.8169 -0.4716
vn 0.3321 -0.4717 -0.8168
vn 0.6103 -0.7921 -0.0000
vn 0.3321 -0.9432 -0.0000
vn -0.3321 -0.8169 0.4716
vn -0.3322 -0.4712 0.8171
vn -0.6108 -0.3954 0.6860
vn -0.6043 -0.7006 0.3793
vn -0.3321 0.4716 -0.8169
vn -0.3321 -0.0001 -0.9432
vn -0.6104 -0.0003 -0.7921
vn -0.6107 0.3959 -0.6858
vn -0.3321 0.8169 -0.4716
vn -0.6043 0.7006 -0.3793
vn -0.3321 0.9432 -0.0000
vn -0.6103 0.7921 -0.0000
vn -0.3321 0.8169 0.4716
vn -0.6103 0.6860 0.3961
vn -0.3321 0.4716 0.8169
vn -0.6104 0.3960 0.6860
vn -0.3321 0.0001 0.9432
vn -0.6103 0.0003 0.7922
vn -0.3321 -0.4717 -0.8168
vn -0.3321 -0.8169 -0.4716
vn -0.6103 -0.6860 -0.3961
vn -0.6103 -0.3960 -0.6860
vn -0.3321 -0.9432 -0.0000
vn -0.6103 -0.7921 -0.0000
vn -0.0000 -0.0001 -1.0000
vn -0.0000 0.5000 -0.8660
vn 0.6610 0.2665 -0.7015
vn 0.6658 -0.0001 -0.7461
vn 0.6658 -0.3732 -0.6461
vn -0.0000 -0.5001 -0.8660
vn 0.6661 0.6591 -0.3491
vn 0.6536 0.5354 -0.5350
vn -0.0000 0.8660 -0.5000
vn -0.0000 1.0000 -0.0000
vn 0.6658 0.7461 -0.0000
vn 0.6658 0.6461 0.3731
vn -0.0000 0.8660 0.5000
vn 0.6658 0.3731 0.6461
vn -0.0000 0.5000 0.8660
vn 0.6658 0.0005 0.7462
vn -0.0000 0.0005 1.0000
vn 0.6611 -0.2657 0.7017
vn -0.0000 -0.4996 0.8663
vn -0.0000 -0.4992 0.8665
vn 0.6658 -0.6461 -0.3731
vn -0.0000 -0.8660 -0.5000
vn 0.6658 -0.7461 -0.0000
vn -0.0000 -1.0000 -0.0000
vn -0.0000 -0.8660 0.5000
vn 0.6661 -0.6591 0.3491
vn 0.6536 -0.5354 0.5350
vn -0.6610 0.2665 -0.7015
vn -0.6658 -0.0005 -0.7461
vn -0.6658 -0.3729 -0.6463
vn -0.6536 0.5354 -0.5350
vn -0.6661 0.6591 -0.3491
vn -0.6658 0.7461 -0.0000
vn -0.6658 0.6461 0.3731
vn -0.6658 0.3731 0.6461
vn -0.6658 0.0001 0.7462
vn -0.6610 -0.2657 0.7017
vn -0.6658 -0.6461 -0.3731
vn -0.6658 -0.7461 -0.0000
vn -0.6661 -0.6591 0.3491
vn -0.6537 -0.5350 0.5352
vt 0.465262 0.274175
vt 0.465738 0.277846
vt 0.460003 0.277818
vt 0.459609 0.274778
vt 0.463880 0.285552
vt 0.459129 0.300436
vt 0.454497 0.296584
vt 0.458465 0.284198
vt 0.675641 0.240407
vt 0.660384 0.235535
vt 0.664231 0.230899
vt 0.676991 0.234991
vt 0.687018 0.241781
vt 0.683347 0.242260
vt 0.683372 0.236525
vt 0.686412 0.236128
vt 0.463921 0.269896
vt 0.458499 0.271234
vt 0.454486 0.258284
vt 0.459093 0.254356
vt 0.465199 0.281367
vt 0.459557 0.280733
vt 0.208910 0.068485
vt 0.199886 0.068485
vt 0.200779 0.062497
vt 0.208251 0.062497
vt 0.070379 0.070322
vt 0.052204 0.080815
vt 0.024430 0.049988
vt 0.061186 0.038919
vt 0.830854 0.048343
vt 0.830591 0.040875
vt 0.844432 0.042724
vt 0.844254 0.048343
vt 0.121946 0.033692
vt 0.119258 0.035167
vt 0.116895 0.033402
vt 0.691297 0.240438
vt 0.689955 0.235016
vt 0.703292 0.230881
vt 0.707223 0.235486
vt 0.679826 0.241723
vt 0.680457 0.236080
vt 0.186698 0.062496
vt 0.195722 0.062496
vt 0.194829 0.068484
vt 0.187356 0.068484
vt 0.122352 0.030001
vt 0.116735 0.029772
vt 0.848126 0.043097
vt 0.847882 0.048149
vt 0.849626 0.045771
vt 0.024918 0.046460
vt 0.058058 0.036938
vt 0.058546 0.033410
vt 0.021790 0.044478
vt 0.031175 0.080823
vt 0.013000 0.070330
vt 0.020686 0.052274
vt 0.007071 0.059939
vt 0.013000 0.012993
vt 0.031175 0.002499
vt 0.065326 0.037195
vt 0.080873 0.031160
vt 0.080874 0.052147
vt 0.017651 0.046202
vt 0.002507 0.031168
vt 0.002507 0.052155
vt 0.052162 0.002499
vt 0.070380 0.012985
vt 0.062291 0.031123
vt 0.076308 0.023375
vt 0.116735 0.016766
vt 0.124205 0.016570
vt 0.661738 0.413656
vt 0.662343 0.408002
vt 0.665382 0.408398
vt 0.665409 0.414133
vt 0.673116 0.412278
vt 0.671764 0.406862
vt 0.684152 0.402899
vt 0.688001 0.407532
vt 0.736260 0.318375
vt 0.737611 0.323792
vt 0.724852 0.327884
vt 0.721003 0.323250
vt 0.747638 0.317000
vt 0.747032 0.322653
vt 0.743992 0.322257
vt 0.743966 0.316521
vt 0.657459 0.412314
vt 0.641922 0.407479
vt 0.645851 0.402874
vt 0.658800 0.406891
vt 0.668930 0.413596
vt 0.668298 0.407952
vt 0.222410 0.062496
vt 0.221751 0.068484
vt 0.214279 0.068484
vt 0.213386 0.062496
vt 0.926958 0.908999
vt 0.958360 0.918193
vt 0.947292 0.954949
vt 0.916464 0.927174
vt 0.284143 0.002872
vt 0.284143 0.016272
vt 0.278524 0.016450
vt 0.276675 0.002608
vt 0.323978 0.043706
vt 0.323688 0.038655
vt 0.325454 0.041018
vt 0.751916 0.318343
vt 0.767843 0.323293
vt 0.763913 0.327898
vt 0.750575 0.323765
vt 0.740445 0.317058
vt 0.741077 0.322702
vt 0.260614 0.038791
vt 0.266602 0.039450
vt 0.266602 0.046922
vt 0.260614 0.047815
vt 0.320288 0.044113
vt 0.320059 0.038495
vt 0.283950 0.019900
vt 0.278897 0.020144
vt 0.281571 0.021643
vt 0.960341 0.921320
vt 0.950820 0.954460
vt 0.963870 0.920832
vt 0.952802 0.957588
vt 0.916456 0.948204
vt 0.945006 0.958693
vt 0.926950 0.966379
vt 0.937340 0.972307
vt 0.994781 0.948204
vt 0.984287 0.966378
vt 0.960084 0.914053
vt 0.945133 0.898505
vt 0.966120 0.898506
vt 0.966112 0.976872
vt 0.951078 0.961728
vt 0.945125 0.976872
vt 0.994780 0.927217
vt 0.966158 0.917088
vt 0.984295 0.908999
vt 0.973905 0.903070
vt 0.307053 0.038495
vt 0.306858 0.045965
vt 0.415094 0.795945
vt 0.440779 0.781246
vt 0.443991 0.784580
vt 0.416230 0.800425
vt 0.360062 0.700706
vt 0.345486 0.726083
vt 0.341154 0.724934
vt 0.356750 0.697522
vt 0.385498 0.685478
vt 0.384179 0.680998
vt 0.415562 0.685081
vt 0.416699 0.680507
vt 0.441510 0.700183
vt 0.444918 0.696807
vt 0.456242 0.726073
vt 0.460647 0.724939
vt 0.455821 0.755709
vt 0.460389 0.756983
vt 0.345502 0.755646
vt 0.360083 0.781282
vt 0.356732 0.784600
vt 0.341031 0.756765
vt 0.385440 0.796058
vt 0.384283 0.800418
vt 0.188628 0.670618
vt 0.204583 0.642921
vt 0.207903 0.646146
vt 0.193102 0.671774
vt 0.291294 0.730507
vt 0.263820 0.745993
vt 0.262688 0.741657
vt 0.288122 0.727182
vt 0.307926 0.703144
vt 0.303451 0.701807
vt 0.308548 0.670626
vt 0.303968 0.671745
vt 0.292359 0.642343
vt 0.288969 0.645738
vt 0.264290 0.626502
vt 0.263139 0.630903
vt 0.232244 0.626633
vt 0.233501 0.631205
vt 0.231989 0.745991
vt 0.204216 0.730180
vt 0.207548 0.726840
vt 0.233124 0.741525
vt 0.188508 0.702567
vt 0.192872 0.701425
vt 0.261826 0.552506
vt 0.261826 0.619832
vt 0.233015 0.619832
vt 0.233015 0.552506
vt 0.374024 0.715140
vt 0.364914 0.731692
vt 0.365267 0.750552
vt 0.290679 0.552506
vt 0.290679 0.619832
vt 0.390886 0.704945
vt 0.383396 0.709311
vt 0.204204 0.619831
vt 0.204205 0.552506
vt 0.175393 0.619831
vt 0.175393 0.552506
vt 0.409865 0.704790
vt 0.426533 0.714200
vt 0.146584 0.619831
vt 0.146584 0.552505
vt 0.436223 0.730681
vt 0.117773 0.619831
vt 0.117773 0.552505
vt 0.436337 0.749783
vt 0.088963 0.619831
vt 0.088963 0.552505
vt 0.426953 0.766487
vt 0.060119 0.619831
vt 0.060119 0.552505
vt 0.374379 0.767105
vt 0.319489 0.552506
vt 0.319489 0.619832
vt 0.391069 0.776588
vt 0.348300 0.552505
vt 0.348300 0.619832
vt 0.031309 0.552505
vt 0.031309 0.619831
vt 0.002498 0.619831
vt 0.002498 0.552505
vt 0.409969 0.776554
vt 0.417487 0.772245
vt 0.273744 0.713164
vt 0.257156 0.722209
vt 0.238297 0.721779
vt 0.279611 0.703814
vt 0.284006 0.696341
vt 0.284237 0.677364
vt 0.274893 0.660658
vt 0.258450 0.650903
vt 0.239349 0.650713
vt 0.222608 0.660031
vt 0.221782 0.712602
vt 0.212365 0.695874
vt 0.212473 0.676974
vt 0.216813 0.669473
s 1
usemtl Material.001
f 640/1177/693 639/1178/693 646/1179/693 647/1180/693
s 2
f 637/1181/694 636/1182/694 643/1183/694 644/1184/694
s 3
f 650/1185/695 649/1186/695 656/1187/695 657/1188/695
s 4
f 653/1189/696 652/1190/696 659/1191/696 660/1192/696
s 5
f 641/1193/697 648/1194/697 642/1195/697 626/1196/697
s 6
f 638/1197/698 637/1181/698 644/1184/698 645/1198/698
s 7
f 641/1193/699 640/1177/699 647/1180/699 648/1194/699
s 8
f 639/1178/700 638/1197/700 645/1198/700 646/1179/700
s 9
f 636/1199/701 626/1200/701 642/1201/701 643/1202/701
s 10
f 632/1203/702 631/1204/702 638/1205/702 653/1206/702
s 11
f 656/1207/702 655/1208/702 661/1209/702 657/1210/702
s 12
f 647/1211/702 646/1212/702 645/1213/702
s 13
f 654/1214/703 661/1215/703 655/1216/703 634/1217/703
s 14
f 651/1218/704 650/1185/704 657/1188/704 658/1219/704
s 15
f 654/1214/705 653/1189/705 660/1192/705 661/1215/705
s 16
f 652/1190/706 651/1218/706 658/1219/706 659/1191/706
s 17
f 649/1220/707 634/1221/707 655/1222/707 656/1223/707
s 12
f 648/1224/702 647/1211/702 645/1213/702 644/1225/702
s 11
f 661/1209/702 660/1226/702 658/1227/702 657/1210/702
f 660/1226/702 659/1228/702 658/1227/702
s 10
f 638/1205/702 639/1229/702 652/1230/702 653/1206/702
f 651/1231/702 652/1230/702 639/1229/702 640/1232/702
f 631/1204/702 624/1233/702 638/1205/702
f 624/1233/702 625/1234/702 637/1235/702
f 625/1234/702 636/1236/702 637/1235/702
f 637/1235/702 638/1205/702 624/1233/702
f 651/1231/702 640/1232/702 628/1237/702 629/1238/702
f 654/1239/702 634/1240/702 633/1241/702
f 653/1206/702 654/1239/702 633/1241/702
f 633/1241/702 632/1203/702 653/1206/702
f 640/1232/702 641/1242/702 627/1243/702
f 641/1242/702 626/1244/702 627/1243/702
f 627/1243/702 628/1237/702 640/1232/702
f 629/1238/702 630/1245/702 651/1231/702
f 630/1245/702 635/1246/702 650/1247/702
f 635/1246/702 649/1248/702 650/1247/702
f 650/1247/702 651/1231/702 630/1245/702
s 12
f 643/1249/702 642/1250/702 648/1224/702 644/1225/702
s 18
f 678/1251/708 685/1252/708 684/1253/708 677/1254/708
s 19
f 675/1255/709 682/1256/709 681/1257/709 674/1258/709
s 20
f 688/1259/710 695/1260/710 694/1261/710 687/1262/710
s 21
f 691/1263/711 698/1264/711 697/1265/711 690/1266/711
s 22
f 679/1267/712 664/1268/712 680/1269/712 686/1270/712
s 23
f 676/1271/713 683/1272/713 682/1256/713 675/1255/713
s 24
f 679/1267/714 686/1270/714 685/1252/714 678/1251/714
s 25
f 677/1254/715 684/1253/715 683/1272/715 676/1271/715
s 26
f 674/1273/716 681/1274/716 680/1275/716 664/1276/716
s 27
f 670/1277/717 691/1278/717 676/1279/717 669/1280/717
s 28
f 694/1281/717 695/1282/717 699/1283/717 693/1284/717
s 29
f 685/1285/717 683/1286/717 684/1287/717
s 30
f 692/1288/718 672/1289/718 693/1290/718 699/1291/718
s 31
f 689/1292/719 696/1293/719 695/1260/719 688/1259/719
s 32
f 692/1288/720 699/1291/720 698/1264/720 691/1263/720
s 33
f 690/1266/721 697/1265/721 696/1293/721 689/1292/721
s 34
f 687/1294/722 694/1295/722 693/1296/722 672/1297/722
s 29
f 686/1298/717 682/1299/717 683/1286/717 685/1285/717
s 28
f 699/1283/717 695/1282/717 696/1300/717 698/1301/717
f 698/1301/717 696/1300/717 697/1302/717
s 27
f 676/1279/717 691/1278/717 690/1303/717 677/1304/717
f 689/1305/717 678/1306/717 677/1304/717 690/1303/717
f 669/1280/717 676/1279/717 662/1307/717
f 662/1307/717 675/1308/717 663/1309/717
f 663/1309/717 675/1308/717 674/1310/717
f 675/1308/717 662/1307/717 676/1279/717
f 689/1305/717 667/1311/717 666/1312/717 678/1306/717
f 692/1313/717 671/1314/717 672/1315/717
f 691/1278/717 671/1314/717 692/1313/717
f 671/1314/717 691/1278/717 670/1277/717
f 678/1306/717 665/1316/717 679/1317/717
f 679/1317/717 665/1316/717 664/1318/717
f 665/1316/717 678/1306/717 666/1312/717
f 667/1311/717 689/1305/717 668/1319/717
f 668/1319/717 688/1320/717 673/1321/717
f 673/1321/717 688/1320/717 687/1322/717
f 688/1320/717 668/1319/717 689/1305/717
s 29
f 681/1323/717 682/1299/717 686/1298/717 680/1324/717
s 35
f 721/1325/723 722/1326/724 723/1327/725 720/1328/726
f 703/1329/727 700/1330/728 701/1331/729 702/1332/730
f 705/1333/731 703/1329/727 702/1332/730 704/1334/732
f 707/1335/733 705/1333/731 704/1334/732 706/1336/734
f 709/1337/735 707/1335/733 706/1336/734 708/1338/736
f 711/1339/737 709/1337/735 708/1338/736 710/1340/738
f 713/1341/739 711/1339/737 710/1340/738 712/1342/740
f 715/1343/741 716/1344/742 717/1345/743 714/1346/744
f 716/1344/742 718/1347/745 719/1348/746 717/1345/743
f 718/1347/745 721/1325/723 720/1328/726 719/1348/746
f 722/1326/724 713/1341/739 712/1342/740 723/1327/725
f 700/1330/728 715/1343/741 714/1346/744 701/1331/729
s 36
f 745/1349/747 746/1350/748 747/1351/749 744/1352/750
f 727/1353/751 724/1354/752 725/1355/753 726/1356/754
f 729/1357/755 727/1353/751 726/1356/754 728/1358/756
f 731/1359/757 729/1357/755 728/1358/756 730/1360/758
f 733/1361/759 731/1359/757 730/1360/758 732/1362/760
f 735/1363/761 733/1361/759 732/1362/760 734/1364/762
f 737/1365/763 735/1363/761 734/1364/762 736/1366/764
f 739/1367/765 740/1368/766 741/1369/767 738/1370/768
f 740/1368/766 742/1371/769 743/1372/770 741/1369/767
f 742/1371/769 745/1349/747 744/1352/750 743/1372/770
f 746/1350/748 737/1365/763 736/1366/764 747/1351/749
f 724/1354/752 739/1367/765 738/1370/768 725/1355/753
s 37
f 701/1373/771 724/1374/771 727/1375/772 702/1376/772
s 35
f 625/1377/773 624/1378/774 700/1330/728 703/1329/727
f 624/1378/774 631/1379/775 715/1343/741 700/1330/728
s 37
f 714/1380/776 739/1381/776 724/1374/771 701/1373/771
s 35
f 703/1329/727 705/1333/731 626/1382/777 636/1383/778
f 625/1377/773 703/1329/727 636/1383/778
s 37
f 702/1376/772 727/1375/772 729/1384/779 704/1385/779
f 704/1385/779 729/1384/779 731/1386/780 706/1387/780
s 35
f 627/1388/781 626/1382/777 705/1333/731 707/1335/733
f 628/1389/782 627/1388/781 707/1335/733 709/1337/735
s 37
f 706/1387/780 731/1386/780 733/1390/783 708/1391/783
s 35
f 629/1392/784 628/1389/782 709/1337/735 711/1339/737
s 37
f 708/1391/783 733/1390/783 735/1393/785 710/1394/785
s 35
f 630/1395/786 629/1392/784 711/1339/737 713/1341/739
s 37
f 710/1394/785 735/1393/785 737/1396/787 712/1397/787
s 35
f 635/1398/788 630/1395/786 713/1341/739 722/1326/724
s 37
f 712/1397/787 737/1396/787 746/1399/789 723/1400/790
s 35
f 631/1379/775 632/1401/791 716/1344/742 715/1343/741
s 37
f 717/1402/792 740/1403/792 739/1381/776 714/1380/776
s 35
f 632/1401/791 633/1404/793 718/1347/745 716/1344/742
s 37
f 719/1405/794 742/1406/794 740/1403/792 717/1402/792
f 720/1407/795 745/1408/795 742/1409/794 719/1410/794
s 35
f 633/1404/793 634/1411/796 721/1325/723 718/1347/745
f 722/1326/724 721/1325/723 634/1411/796 649/1412/797
s 37
f 723/1400/790 746/1399/789 745/1408/795 720/1407/795
s 35
f 635/1398/788 722/1326/724 649/1412/797
s 36
f 663/1413/798 726/1356/754 725/1355/753 662/1414/799
f 662/1414/799 725/1355/753 738/1370/768 669/1415/800
f 663/1413/798 674/1416/801 726/1356/754
f 726/1356/754 674/1416/801 664/1417/802 728/1358/756
f 665/1418/803 730/1360/758 728/1358/756 664/1417/802
f 666/1419/804 732/1362/760 730/1360/758 665/1418/803
f 667/1420/805 734/1364/762 732/1362/760 666/1419/804
f 668/1421/806 736/1366/764 734/1364/762 667/1420/805
f 673/1422/807 747/1351/749 736/1366/764 668/1421/806
f 669/1415/800 738/1370/768 741/1369/767 670/1423/808
f 670/1423/808 741/1369/767 743/1372/770 671/1424/809
f 671/1424/809 743/1372/770 744/1352/750 672/1425/810
f 747/1351/749 687/1426/811 672/1425/810 744/1352/750
f 673/1422/807 687/1426/811 747/1351/749
